HS Code,HS Description,Country Name,Year,INR_Cr,USD_Mn
2709,"PETROLEUM OILS AND OILS OBTAINED FROM     BITUMINOUS MINERALS, CRUDE",ANGOLA,2019,19790.75769,2814.781078409
2709,"PETROLEUM OILS AND OILS OBTAINED FROM     BITUMINOUS MINERALS, CRUDE",ANGOLA,2020,10305.1389994,1394.2535268339
2709,"PETROLEUM OILS AND OILS OBTAINED FROM     BITUMINOUS MINERALS, CRUDE",ANGOLA,2021,11827.6513157,1602.4874221968
2709,"PETROLEUM OILS AND OILS OBTAINED FROM     BITUMINOUS MINERALS, CRUDE",ANGOLA,2022,24726.7114125,3135.5525113876
2709,"PETROLEUM OILS AND OILS OBTAINED FROM     BITUMINOUS MINERALS, CRUDE",ANGOLA,2023,20692.5061055,2506.219986
2709,"PETROLEUM OILS AND OILS OBTAINED FROM     BITUMINOUS MINERALS, CRUDE",ANGOLA,2024,30286.1774202,3621.782917
2709,"PETROLEUM OILS AND OILS OBTAINED FROM     BITUMINOUS MINERALS, CRUDE",ANGOLA,2025,29487.8757218,3387.784262
2709,"PETROLEUM OILS AND OILS OBTAINED FROM     BITUMINOUS MINERALS, CRUDE",ANGOLA,2026,27493.4060981,2941.638215
2709,"PETROLEUM OILS AND OILS OBTAINED FROM     BITUMINOUS MINERALS, CRUDE",CANADA,2019,2497.6592101,351.1105250583
2709,"PETROLEUM OILS AND OILS OBTAINED FROM     BITUMINOUS MINERALS, CRUDE",CANADA,2020,1463.5364294,193.3438866142
2709,"PETROLEUM OILS AND OILS OBTAINED FROM     BITUMINOUS MINERALS, CRUDE",CANADA,2021,2005.2321793,271.9707061939
2709,"PETROLEUM OILS AND OILS OBTAINED FROM     BITUMINOUS MINERALS, CRUDE",CANADA,2022,884.7154192,118.8463984175
2709,"PETROLEUM OILS AND OILS OBTAINED FROM     BITUMINOUS MINERALS, CRUDE",CANADA,2023,0.0,0.0
2709,"PETROLEUM OILS AND OILS OBTAINED FROM     BITUMINOUS MINERALS, CRUDE",CANADA,2024,1837.514327,219.189839
2709,"PETROLEUM OILS AND OILS OBTAINED FROM     BITUMINOUS MINERALS, CRUDE",CANADA,2025,417.3625548,46.32666
2709,"PETROLEUM OILS AND OILS OBTAINED FROM     BITUMINOUS MINERALS, CRUDE",CANADA,2026,0.0,0.0
2709,"PETROLEUM OILS AND OILS OBTAINED FROM     BITUMINOUS MINERALS, CRUDE",IRAQ,2019,153244.6084912,21760.6456228883
2709,"PETROLEUM OILS AND OILS OBTAINED FROM     BITUMINOUS MINERALS, CRUDE",IRAQ,2020,109821.0507656,14940.2824166672
2709,"PETROLEUM OILS AND OILS OBTAINED FROM     BITUMINOUS MINERALS, CRUDE",IRAQ,2021,185338.4149918,25019.7608847656
2709,"PETROLEUM OILS AND OILS OBTAINED FROM     BITUMINOUS MINERALS, CRUDE",IRAQ,2022,279171.3294408,35643.9560934369
2709,"PETROLEUM OILS AND OILS OBTAINED FROM     BITUMINOUS MINERALS, CRUDE",IRAQ,2023,233940.020582,28310.648479
2709,"PETROLEUM OILS AND OILS OBTAINED FROM     BITUMINOUS MINERALS, CRUDE",IRAQ,2024,241823.7862527,28917.177725
2709,"PETROLEUM OILS AND OILS OBTAINED FROM     BITUMINOUS MINERALS, CRUDE",IRAQ,2025,220602.1390453,25331.045176
2709,"PETROLEUM OILS AND OILS OBTAINED FROM     BITUMINOUS MINERALS, CRUDE",IRAQ,2026,40890.437492,4475.855789
2709,"PETROLEUM OILS AND OILS OBTAINED FROM     BITUMINOUS MINERALS, CRUDE",KUWAIT,2019,35441.4626003,5034.8378291893
2709,"PETROLEUM OILS AND OILS OBTAINED FROM     BITUMINOUS MINERALS, CRUDE",KUWAIT,2020,24436.2792405,3330.0638339009
2709,"PETROLEUM OILS AND OILS OBTAINED FROM     BITUMINOUS MINERALS, CRUDE",KUWAIT,2021,50575.1597171,6828.4677419784
2709,"PETROLEUM OILS AND OILS OBTAINED FROM     BITUMINOUS MINERALS, CRUDE",KUWAIT,2022,66023.3913502,8400.9365960761
2709,"PETROLEUM OILS AND OILS OBTAINED FROM     BITUMINOUS MINERALS, CRUDE",KUWAIT,2023,42579.4489598,5153.553774
2709,"PETROLEUM OILS AND OILS OBTAINED FROM     BITUMINOUS MINERALS, CRUDE",KUWAIT,2024,30593.4931242,3660.649255
2709,"PETROLEUM OILS AND OILS OBTAINED FROM     BITUMINOUS MINERALS, CRUDE",KUWAIT,2025,40515.8237343,4647.109115
2709,"PETROLEUM OILS AND OILS OBTAINED FROM     BITUMINOUS MINERALS, CRUDE",KUWAIT,2026,12139.054529,1328.18434
2709,"PETROLEUM OILS AND OILS OBTAINED FROM     BITUMINOUS MINERALS, CRUDE",NIGERIA,2019,66642.0479097,9462.338469536
2709,"PETROLEUM OILS AND OILS OBTAINED FROM     BITUMINOUS MINERALS, CRUDE",NIGERIA,2020,38855.8959429,5268.6401878671
2709,"PETROLEUM OILS AND OILS OBTAINED FROM     BITUMINOUS MINERALS, CRUDE",NIGERIA,2021,60538.1761429,8180.0292819983
2709,"PETROLEUM OILS AND OILS OBTAINED FROM     BITUMINOUS MINERALS, CRUDE",NIGERIA,2022,57919.0000782,7400.0310431497
2709,"PETROLEUM OILS AND OILS OBTAINED FROM     BITUMINOUS MINERALS, CRUDE",NIGERIA,2023,21762.6301074,2631.646719
2709,"PETROLEUM OILS AND OILS OBTAINED FROM     BITUMINOUS MINERALS, CRUDE",NIGERIA,2024,33819.5550038,4046.983526
2709,"PETROLEUM OILS AND OILS OBTAINED FROM     BITUMINOUS MINERALS, CRUDE",NIGERIA,2025,34191.3033766,3930.079843
2709,"PETROLEUM OILS AND OILS OBTAINED FROM     BITUMINOUS MINERALS, CRUDE",NIGERIA,2026,26649.4905683,2840.481225
2709,"PETROLEUM OILS AND OILS OBTAINED FROM     BITUMINOUS MINERALS, CRUDE",QATAR,2019,8217.8603158,1164.0186638388
2709,"PETROLEUM OILS AND OILS OBTAINED FROM     BITUMINOUS MINERALS, CRUDE",QATAR,2020,9575.6146386,1300.6437235821
2709,"PETROLEUM OILS AND OILS OBTAINED FROM     BITUMINOUS MINERALS, CRUDE",QATAR,2021,6344.9375541,854.4955798668
2709,"PETROLEUM OILS AND OILS OBTAINED FROM     BITUMINOUS MINERALS, CRUDE",QATAR,2022,12806.7783862,1619.6171802565
2709,"PETROLEUM OILS AND OILS OBTAINED FROM     BITUMINOUS MINERALS, CRUDE",QATAR,2023,10813.7557205,1311.071897
2709,"PETROLEUM OILS AND OILS OBTAINED FROM     BITUMINOUS MINERALS, CRUDE",QATAR,2024,8114.3073713,972.733291
2709,"PETROLEUM OILS AND OILS OBTAINED FROM     BITUMINOUS MINERALS, CRUDE",QATAR,2025,13225.1601821,1517.054663
2709,"PETROLEUM OILS AND OILS OBTAINED FROM     BITUMINOUS MINERALS, CRUDE",QATAR,2026,12878.7583126,1390.900049
2709,"PETROLEUM OILS AND OILS OBTAINED FROM     BITUMINOUS MINERALS, CRUDE",RUSSIA,2019,10276.0630429,1469.7815763348
2709,"PETROLEUM OILS AND OILS OBTAINED FROM     BITUMINOUS MINERALS, CRUDE",RUSSIA,2020,6842.8637167,926.6656021367
2709,"PETROLEUM OILS AND OILS OBTAINED FROM     BITUMINOUS MINERALS, CRUDE",RUSSIA,2021,17079.3061066,2307.6099107151
2709,"PETROLEUM OILS AND OILS OBTAINED FROM     BITUMINOUS MINERALS, CRUDE",RUSSIA,2022,168428.3685944,21003.8858902245
2709,"PETROLEUM OILS AND OILS OBTAINED FROM     BITUMINOUS MINERALS, CRUDE",RUSSIA,2023,369348.4033306,44710.472903
2709,"PETROLEUM OILS AND OILS OBTAINED FROM     BITUMINOUS MINERALS, CRUDE",RUSSIA,2024,436787.0082,52222.550145
2709,"PETROLEUM OILS AND OILS OBTAINED FROM     BITUMINOUS MINERALS, CRUDE",RUSSIA,2025,378393.4345291,43484.642733
2709,"PETROLEUM OILS AND OILS OBTAINED FROM     BITUMINOUS MINERALS, CRUDE",RUSSIA,2026,270416.6445696,28780.770865
2709,"PETROLEUM OILS AND OILS OBTAINED FROM     BITUMINOUS MINERALS, CRUDE",SAUDI ARAB,2019,145658.7714901,20692.1077671847
2709,"PETROLEUM OILS AND OILS OBTAINED FROM     BITUMINOUS MINERALS, CRUDE",SAUDI ARAB,2020,92027.8420129,12501.521437175
2709,"PETROLEUM OILS AND OILS OBTAINED FROM     BITUMINOUS MINERALS, CRUDE",SAUDI ARAB,2021,132510.6018398,17887.8447712333
2709,"PETROLEUM OILS AND OILS OBTAINED FROM     BITUMINOUS MINERALS, CRUDE",SAUDI ARAB,2022,235669.1896055,30033.8089408817
2709,"PETROLEUM OILS AND OILS OBTAINED FROM     BITUMINOUS MINERALS, CRUDE",SAUDI ARAB,2023,192394.5513846,23295.20976
2709,"PETROLEUM OILS AND OILS OBTAINED FROM     BITUMINOUS MINERALS, CRUDE",SAUDI ARAB,2024,168651.0642797,20164.476903
2709,"PETROLEUM OILS AND OILS OBTAINED FROM     BITUMINOUS MINERALS, CRUDE",SAUDI ARAB,2025,174501.1966551,20028.882331
2709,"PETROLEUM OILS AND OILS OBTAINED FROM     BITUMINOUS MINERALS, CRUDE",SAUDI ARAB,2026,94726.8514732,10199.25137
2709,"PETROLEUM OILS AND OILS OBTAINED FROM     BITUMINOUS MINERALS, CRUDE",U S A,2019,32649.2349024,4644.0791531414
2709,"PETROLEUM OILS AND OILS OBTAINED FROM     BITUMINOUS MINERALS, CRUDE",U S A,2020,27412.116152,3710.1281563092
2709,"PETROLEUM OILS AND OILS OBTAINED FROM     BITUMINOUS MINERALS, CRUDE",U S A,2021,76860.26819,10399.7427082913
2709,"PETROLEUM OILS AND OILS OBTAINED FROM     BITUMINOUS MINERALS, CRUDE",U S A,2022,90782.7668275,11537.3212744603
2709,"PETROLEUM OILS AND OILS OBTAINED FROM     BITUMINOUS MINERALS, CRUDE",U S A,2023,57618.3078907,6978.585869
2709,"PETROLEUM OILS AND OILS OBTAINED FROM     BITUMINOUS MINERALS, CRUDE",U S A,2024,45028.0366385,5374.597116
2709,"PETROLEUM OILS AND OILS OBTAINED FROM     BITUMINOUS MINERALS, CRUDE",U S A,2025,85221.3848925,9803.22601
2709,"PETROLEUM OILS AND OILS OBTAINED FROM     BITUMINOUS MINERALS, CRUDE",U S A,2026,30085.1434428,3232.413896
2710,PETROLEUM OILSAND OILS OBTND FRM BITMNS     MNRLOTHER THAN CRUDE PRPN NES;CNTNG70% OR MOREBY WEIGHT OF THESE OILS,ANGOLA,2019,1.2847292,0.1837888941
2710,PETROLEUM OILSAND OILS OBTND FRM BITMNS     MNRLOTHER THAN CRUDE PRPN NES;CNTNG70% OR MOREBY WEIGHT OF THESE OILS,ANGOLA,2020,0.0,0.0
2710,PETROLEUM OILSAND OILS OBTND FRM BITMNS     MNRLOTHER THAN CRUDE PRPN NES;CNTNG70% OR MOREBY WEIGHT OF THESE OILS,ANGOLA,2021,0.007896,0.0010599155
2710,PETROLEUM OILSAND OILS OBTND FRM BITMNS     MNRLOTHER THAN CRUDE PRPN NES;CNTNG70% OR MOREBY WEIGHT OF THESE OILS,ANGOLA,2022,0.018977,0.002493068
2710,PETROLEUM OILSAND OILS OBTND FRM BITMNS     MNRLOTHER THAN CRUDE PRPN NES;CNTNG70% OR MOREBY WEIGHT OF THESE OILS,ANGOLA,2023,0.015888,0.001933
2710,PETROLEUM OILSAND OILS OBTND FRM BITMNS     MNRLOTHER THAN CRUDE PRPN NES;CNTNG70% OR MOREBY WEIGHT OF THESE OILS,ANGOLA,2024,1.1843256,0.142018
2710,PETROLEUM OILSAND OILS OBTND FRM BITMNS     MNRLOTHER THAN CRUDE PRPN NES;CNTNG70% OR MOREBY WEIGHT OF THESE OILS,ANGOLA,2025,0.0,0.0
2710,PETROLEUM OILSAND OILS OBTND FRM BITMNS     MNRLOTHER THAN CRUDE PRPN NES;CNTNG70% OR MOREBY WEIGHT OF THESE OILS,ANGOLA,2026,0.0011584,0.000128
2710,PETROLEUM OILSAND OILS OBTND FRM BITMNS     MNRLOTHER THAN CRUDE PRPN NES;CNTNG70% OR MOREBY WEIGHT OF THESE OILS,CANADA,2019,14.1199682,1.9859818382
2710,PETROLEUM OILSAND OILS OBTND FRM BITMNS     MNRLOTHER THAN CRUDE PRPN NES;CNTNG70% OR MOREBY WEIGHT OF THESE OILS,CANADA,2020,3.2501118,0.4411354738
2710,PETROLEUM OILSAND OILS OBTND FRM BITMNS     MNRLOTHER THAN CRUDE PRPN NES;CNTNG70% OR MOREBY WEIGHT OF THESE OILS,CANADA,2021,2.7986847,0.3777110635
2710,PETROLEUM OILSAND OILS OBTND FRM BITMNS     MNRLOTHER THAN CRUDE PRPN NES;CNTNG70% OR MOREBY WEIGHT OF THESE OILS,CANADA,2022,7.1069785,0.9104856072
2710,PETROLEUM OILSAND OILS OBTND FRM BITMNS     MNRLOTHER THAN CRUDE PRPN NES;CNTNG70% OR MOREBY WEIGHT OF THESE OILS,CANADA,2023,9.5753925,1.157877
2710,PETROLEUM OILSAND OILS OBTND FRM BITMNS     MNRLOTHER THAN CRUDE PRPN NES;CNTNG70% OR MOREBY WEIGHT OF THESE OILS,CANADA,2024,10.190636,1.21556
2710,PETROLEUM OILSAND OILS OBTND FRM BITMNS     MNRLOTHER THAN CRUDE PRPN NES;CNTNG70% OR MOREBY WEIGHT OF THESE OILS,CANADA,2025,10.606963,1.210151
2710,PETROLEUM OILSAND OILS OBTND FRM BITMNS     MNRLOTHER THAN CRUDE PRPN NES;CNTNG70% OR MOREBY WEIGHT OF THESE OILS,CANADA,2026,7.09539,0.758473
2710,PETROLEUM OILSAND OILS OBTND FRM BITMNS     MNRLOTHER THAN CRUDE PRPN NES;CNTNG70% OR MOREBY WEIGHT OF THESE OILS,IRAQ,2019,2209.5627646,312.2424136645
2710,PETROLEUM OILSAND OILS OBTND FRM BITMNS     MNRLOTHER THAN CRUDE PRPN NES;CNTNG70% OR MOREBY WEIGHT OF THESE OILS,IRAQ,2020,7784.2548879,1051.9953926107
2710,PETROLEUM OILSAND OILS OBTND FRM BITMNS     MNRLOTHER THAN CRUDE PRPN NES;CNTNG70% OR MOREBY WEIGHT OF THESE OILS,IRAQ,2021,7575.1718463,1028.4043544772
2710,PETROLEUM OILSAND OILS OBTND FRM BITMNS     MNRLOTHER THAN CRUDE PRPN NES;CNTNG70% OR MOREBY WEIGHT OF THESE OILS,IRAQ,2022,8081.8879557,1037.6334121237
2710,PETROLEUM OILSAND OILS OBTND FRM BITMNS     MNRLOTHER THAN CRUDE PRPN NES;CNTNG70% OR MOREBY WEIGHT OF THESE OILS,IRAQ,2023,4296.0758099,521.075013
2710,PETROLEUM OILSAND OILS OBTND FRM BITMNS     MNRLOTHER THAN CRUDE PRPN NES;CNTNG70% OR MOREBY WEIGHT OF THESE OILS,IRAQ,2024,8731.1013155,1044.800232
2710,PETROLEUM OILSAND OILS OBTND FRM BITMNS     MNRLOTHER THAN CRUDE PRPN NES;CNTNG70% OR MOREBY WEIGHT OF THESE OILS,IRAQ,2025,5301.8128278,606.839171
2710,PETROLEUM OILSAND OILS OBTND FRM BITMNS     MNRLOTHER THAN CRUDE PRPN NES;CNTNG70% OR MOREBY WEIGHT OF THESE OILS,IRAQ,2026,4249.7373394,463.322381
2710,PETROLEUM OILSAND OILS OBTND FRM BITMNS     MNRLOTHER THAN CRUDE PRPN NES;CNTNG70% OR MOREBY WEIGHT OF THESE OILS,KUWAIT,2019,994.5145953,140.7697513041
2710,PETROLEUM OILSAND OILS OBTND FRM BITMNS     MNRLOTHER THAN CRUDE PRPN NES;CNTNG70% OR MOREBY WEIGHT OF THESE OILS,KUWAIT,2020,732.7947652,99.9896434887
2710,PETROLEUM OILSAND OILS OBTND FRM BITMNS     MNRLOTHER THAN CRUDE PRPN NES;CNTNG70% OR MOREBY WEIGHT OF THESE OILS,KUWAIT,2021,1190.4616798,161.1203997211
2710,PETROLEUM OILSAND OILS OBTND FRM BITMNS     MNRLOTHER THAN CRUDE PRPN NES;CNTNG70% OR MOREBY WEIGHT OF THESE OILS,KUWAIT,2022,1643.0170343,209.8294901282
2710,PETROLEUM OILSAND OILS OBTND FRM BITMNS     MNRLOTHER THAN CRUDE PRPN NES;CNTNG70% OR MOREBY WEIGHT OF THESE OILS,KUWAIT,2023,1810.6587011,218.955069
2710,PETROLEUM OILSAND OILS OBTND FRM BITMNS     MNRLOTHER THAN CRUDE PRPN NES;CNTNG70% OR MOREBY WEIGHT OF THESE OILS,KUWAIT,2024,1534.7049137,183.724493
2710,PETROLEUM OILSAND OILS OBTND FRM BITMNS     MNRLOTHER THAN CRUDE PRPN NES;CNTNG70% OR MOREBY WEIGHT OF THESE OILS,KUWAIT,2025,1353.0438871,155.484712
2710,PETROLEUM OILSAND OILS OBTND FRM BITMNS     MNRLOTHER THAN CRUDE PRPN NES;CNTNG70% OR MOREBY WEIGHT OF THESE OILS,KUWAIT,2026,1693.5999417,182.484894
2710,PETROLEUM OILSAND OILS OBTND FRM BITMNS     MNRLOTHER THAN CRUDE PRPN NES;CNTNG70% OR MOREBY WEIGHT OF THESE OILS,NIGERIA,2019,0.003074,0.0004316094
2710,PETROLEUM OILSAND OILS OBTND FRM BITMNS     MNRLOTHER THAN CRUDE PRPN NES;CNTNG70% OR MOREBY WEIGHT OF THESE OILS,NIGERIA,2020,,
2710,PETROLEUM OILSAND OILS OBTND FRM BITMNS     MNRLOTHER THAN CRUDE PRPN NES;CNTNG70% OR MOREBY WEIGHT OF THESE OILS,NIGERIA,2021,0.0005027,6.86114e-05
2710,PETROLEUM OILSAND OILS OBTND FRM BITMNS     MNRLOTHER THAN CRUDE PRPN NES;CNTNG70% OR MOREBY WEIGHT OF THESE OILS,NIGERIA,2022,4.8053642,0.630247917
2710,PETROLEUM OILSAND OILS OBTND FRM BITMNS     MNRLOTHER THAN CRUDE PRPN NES;CNTNG70% OR MOREBY WEIGHT OF THESE OILS,NIGERIA,2023,0.00513,0.000626
2710,PETROLEUM OILSAND OILS OBTND FRM BITMNS     MNRLOTHER THAN CRUDE PRPN NES;CNTNG70% OR MOREBY WEIGHT OF THESE OILS,NIGERIA,2024,0.0341184,0.004044
2710,PETROLEUM OILSAND OILS OBTND FRM BITMNS     MNRLOTHER THAN CRUDE PRPN NES;CNTNG70% OR MOREBY WEIGHT OF THESE OILS,NIGERIA,2025,0.6812387,0.078951
2710,PETROLEUM OILSAND OILS OBTND FRM BITMNS     MNRLOTHER THAN CRUDE PRPN NES;CNTNG70% OR MOREBY WEIGHT OF THESE OILS,NIGERIA,2026,0.0,0.0
2710,PETROLEUM OILSAND OILS OBTND FRM BITMNS     MNRLOTHER THAN CRUDE PRPN NES;CNTNG70% OR MOREBY WEIGHT OF THESE OILS,QATAR,2019,1582.0647989,225.5162691584
2710,PETROLEUM OILSAND OILS OBTND FRM BITMNS     MNRLOTHER THAN CRUDE PRPN NES;CNTNG70% OR MOREBY WEIGHT OF THESE OILS,QATAR,2020,1322.4120049,179.3894549094
2710,PETROLEUM OILSAND OILS OBTND FRM BITMNS     MNRLOTHER THAN CRUDE PRPN NES;CNTNG70% OR MOREBY WEIGHT OF THESE OILS,QATAR,2021,2291.1383824,309.8314071453
2710,PETROLEUM OILSAND OILS OBTND FRM BITMNS     MNRLOTHER THAN CRUDE PRPN NES;CNTNG70% OR MOREBY WEIGHT OF THESE OILS,QATAR,2022,2024.5457928,258.6089811533
2710,PETROLEUM OILSAND OILS OBTND FRM BITMNS     MNRLOTHER THAN CRUDE PRPN NES;CNTNG70% OR MOREBY WEIGHT OF THESE OILS,QATAR,2023,3850.6847903,465.289583
2710,PETROLEUM OILSAND OILS OBTND FRM BITMNS     MNRLOTHER THAN CRUDE PRPN NES;CNTNG70% OR MOREBY WEIGHT OF THESE OILS,QATAR,2024,3126.023859,374.964551
2710,PETROLEUM OILSAND OILS OBTND FRM BITMNS     MNRLOTHER THAN CRUDE PRPN NES;CNTNG70% OR MOREBY WEIGHT OF THESE OILS,QATAR,2025,4353.3323129,497.37775
2710,PETROLEUM OILSAND OILS OBTND FRM BITMNS     MNRLOTHER THAN CRUDE PRPN NES;CNTNG70% OR MOREBY WEIGHT OF THESE OILS,QATAR,2026,432.7825855,47.508162
2710,PETROLEUM OILSAND OILS OBTND FRM BITMNS     MNRLOTHER THAN CRUDE PRPN NES;CNTNG70% OR MOREBY WEIGHT OF THESE OILS,RUSSIA,2019,2925.3949194,414.1368581392
2710,PETROLEUM OILSAND OILS OBTND FRM BITMNS     MNRLOTHER THAN CRUDE PRPN NES;CNTNG70% OR MOREBY WEIGHT OF THESE OILS,RUSSIA,2020,2770.5903771,372.1638872516
2710,PETROLEUM OILSAND OILS OBTND FRM BITMNS     MNRLOTHER THAN CRUDE PRPN NES;CNTNG70% OR MOREBY WEIGHT OF THESE OILS,RUSSIA,2021,5490.5862677,739.4380580153
2710,PETROLEUM OILSAND OILS OBTND FRM BITMNS     MNRLOTHER THAN CRUDE PRPN NES;CNTNG70% OR MOREBY WEIGHT OF THESE OILS,RUSSIA,2022,16138.1998124,2026.908913032
2710,PETROLEUM OILSAND OILS OBTND FRM BITMNS     MNRLOTHER THAN CRUDE PRPN NES;CNTNG70% OR MOREBY WEIGHT OF THESE OILS,RUSSIA,2023,37198.6852048,4500.740252
2710,PETROLEUM OILSAND OILS OBTND FRM BITMNS     MNRLOTHER THAN CRUDE PRPN NES;CNTNG70% OR MOREBY WEIGHT OF THESE OILS,RUSSIA,2024,24627.7534562,2945.091892
2710,PETROLEUM OILSAND OILS OBTND FRM BITMNS     MNRLOTHER THAN CRUDE PRPN NES;CNTNG70% OR MOREBY WEIGHT OF THESE OILS,RUSSIA,2025,35969.4875119,4147.768105
2710,PETROLEUM OILSAND OILS OBTND FRM BITMNS     MNRLOTHER THAN CRUDE PRPN NES;CNTNG70% OR MOREBY WEIGHT OF THESE OILS,RUSSIA,2026,15598.2943451,1657.675762
2710,PETROLEUM OILSAND OILS OBTND FRM BITMNS     MNRLOTHER THAN CRUDE PRPN NES;CNTNG70% OR MOREBY WEIGHT OF THESE OILS,SAUDI ARAB,2019,2603.8496807,370.127049555
2710,PETROLEUM OILSAND OILS OBTND FRM BITMNS     MNRLOTHER THAN CRUDE PRPN NES;CNTNG70% OR MOREBY WEIGHT OF THESE OILS,SAUDI ARAB,2020,2439.1061025,334.3961704115
2710,PETROLEUM OILSAND OILS OBTND FRM BITMNS     MNRLOTHER THAN CRUDE PRPN NES;CNTNG70% OR MOREBY WEIGHT OF THESE OILS,SAUDI ARAB,2021,7255.2209891,980.1212444569
2710,PETROLEUM OILSAND OILS OBTND FRM BITMNS     MNRLOTHER THAN CRUDE PRPN NES;CNTNG70% OR MOREBY WEIGHT OF THESE OILS,SAUDI ARAB,2022,9752.6319909,1266.8345175909
2710,PETROLEUM OILSAND OILS OBTND FRM BITMNS     MNRLOTHER THAN CRUDE PRPN NES;CNTNG70% OR MOREBY WEIGHT OF THESE OILS,SAUDI ARAB,2023,2688.0877984,325.347753
2710,PETROLEUM OILSAND OILS OBTND FRM BITMNS     MNRLOTHER THAN CRUDE PRPN NES;CNTNG70% OR MOREBY WEIGHT OF THESE OILS,SAUDI ARAB,2024,2697.2614063,322.205404
2710,PETROLEUM OILSAND OILS OBTND FRM BITMNS     MNRLOTHER THAN CRUDE PRPN NES;CNTNG70% OR MOREBY WEIGHT OF THESE OILS,SAUDI ARAB,2025,1933.532521,222.247959
2710,PETROLEUM OILSAND OILS OBTND FRM BITMNS     MNRLOTHER THAN CRUDE PRPN NES;CNTNG70% OR MOREBY WEIGHT OF THESE OILS,SAUDI ARAB,2026,1929.4528062,205.738314
2710,PETROLEUM OILSAND OILS OBTND FRM BITMNS     MNRLOTHER THAN CRUDE PRPN NES;CNTNG70% OR MOREBY WEIGHT OF THESE OILS,U S A,2019,886.89962,126.4191866095
2710,PETROLEUM OILSAND OILS OBTND FRM BITMNS     MNRLOTHER THAN CRUDE PRPN NES;CNTNG70% OR MOREBY WEIGHT OF THESE OILS,U S A,2020,794.114926,107.8721483223
2710,PETROLEUM OILSAND OILS OBTND FRM BITMNS     MNRLOTHER THAN CRUDE PRPN NES;CNTNG70% OR MOREBY WEIGHT OF THESE OILS,U S A,2021,1420.3937513,192.7679063497
2710,PETROLEUM OILSAND OILS OBTND FRM BITMNS     MNRLOTHER THAN CRUDE PRPN NES;CNTNG70% OR MOREBY WEIGHT OF THESE OILS,U S A,2022,1387.2490419,178.279510518
2710,PETROLEUM OILSAND OILS OBTND FRM BITMNS     MNRLOTHER THAN CRUDE PRPN NES;CNTNG70% OR MOREBY WEIGHT OF THESE OILS,U S A,2023,1895.7403041,229.597143
2710,PETROLEUM OILSAND OILS OBTND FRM BITMNS     MNRLOTHER THAN CRUDE PRPN NES;CNTNG70% OR MOREBY WEIGHT OF THESE OILS,U S A,2024,1525.1879735,182.521002
2710,PETROLEUM OILSAND OILS OBTND FRM BITMNS     MNRLOTHER THAN CRUDE PRPN NES;CNTNG70% OR MOREBY WEIGHT OF THESE OILS,U S A,2025,2066.9174711,236.845409
2710,PETROLEUM OILSAND OILS OBTND FRM BITMNS     MNRLOTHER THAN CRUDE PRPN NES;CNTNG70% OR MOREBY WEIGHT OF THESE OILS,U S A,2026,1224.999182,131.857743
2711,PETRLM GASES AND OTHR GASEOUS HYDRCRBNS,ANGOLA,2019,6923.5847252,982.930897967
2711,PETRLM GASES AND OTHR GASEOUS HYDRCRBNS,ANGOLA,2020,4494.1537698,610.1410047096
2711,PETRLM GASES AND OTHR GASEOUS HYDRCRBNS,ANGOLA,2021,4662.4964413,628.9461340665
2711,PETRLM GASES AND OTHR GASEOUS HYDRCRBNS,ANGOLA,2022,4373.8817807,557.5182921728
2711,PETRLM GASES AND OTHR GASEOUS HYDRCRBNS,ANGOLA,2023,3720.7226675,449.137562
2711,PETRLM GASES AND OTHR GASEOUS HYDRCRBNS,ANGOLA,2024,8966.9504963,1072.308646
2711,PETRLM GASES AND OTHR GASEOUS HYDRCRBNS,ANGOLA,2025,8543.5045444,975.27052
2711,PETRLM GASES AND OTHR GASEOUS HYDRCRBNS,ANGOLA,2026,8929.4868334,956.662504
2711,PETRLM GASES AND OTHR GASEOUS HYDRCRBNS,CANADA,2019,,
2711,PETRLM GASES AND OTHR GASEOUS HYDRCRBNS,CANADA,2020,,
2711,PETRLM GASES AND OTHR GASEOUS HYDRCRBNS,CANADA,2021,,
2711,PETRLM GASES AND OTHR GASEOUS HYDRCRBNS,CANADA,2022,,
2711,PETRLM GASES AND OTHR GASEOUS HYDRCRBNS,CANADA,2023,1.8165107,0.220332
2711,PETRLM GASES AND OTHR GASEOUS HYDRCRBNS,CANADA,2024,0.0,0.0
2711,PETRLM GASES AND OTHR GASEOUS HYDRCRBNS,CANADA,2025,,
2711,PETRLM GASES AND OTHR GASEOUS HYDRCRBNS,CANADA,2026,,
2711,PETRLM GASES AND OTHR GASEOUS HYDRCRBNS,IRAQ,2019,153.5697879,21.8168961182
2711,PETRLM GASES AND OTHR GASEOUS HYDRCRBNS,IRAQ,2020,0.0,0.0
2711,PETRLM GASES AND OTHR GASEOUS HYDRCRBNS,IRAQ,2021,50.1781456,6.7351699196
2711,PETRLM GASES AND OTHR GASEOUS HYDRCRBNS,IRAQ,2022,156.5574918,19.8540507926
2711,PETRLM GASES AND OTHR GASEOUS HYDRCRBNS,IRAQ,2023,20.1640613,2.420714
2711,PETRLM GASES AND OTHR GASEOUS HYDRCRBNS,IRAQ,2024,796.5541031,95.247306
2711,PETRLM GASES AND OTHR GASEOUS HYDRCRBNS,IRAQ,2025,1659.1284565,191.060611
2711,PETRLM GASES AND OTHR GASEOUS HYDRCRBNS,IRAQ,2026,348.6679277,38.038081
2711,PETRLM GASES AND OTHR GASEOUS HYDRCRBNS,KUWAIT,2019,5549.2708041,787.5944437461
2711,PETRLM GASES AND OTHR GASEOUS HYDRCRBNS,KUWAIT,2020,6732.081112,912.2024323486
2711,PETRLM GASES AND OTHR GASEOUS HYDRCRBNS,KUWAIT,2021,10084.2342751,1359.2545976238
2711,PETRLM GASES AND OTHR GASEOUS HYDRCRBNS,KUWAIT,2022,17262.3740863,2193.0133238628
2711,PETRLM GASES AND OTHR GASEOUS HYDRCRBNS,KUWAIT,2023,14737.0219763,1784.579211
2711,PETRLM GASES AND OTHR GASEOUS HYDRCRBNS,KUWAIT,2024,16757.2515914,1999.577591
2711,PETRLM GASES AND OTHR GASEOUS HYDRCRBNS,KUWAIT,2025,17668.6719929,2025.166443
2711,PETRLM GASES AND OTHR GASEOUS HYDRCRBNS,KUWAIT,2026,4052.3039343,441.323614
2711,PETRLM GASES AND OTHR GASEOUS HYDRCRBNS,NIGERIA,2019,6736.0226765,958.8651043756
2711,PETRLM GASES AND OTHR GASEOUS HYDRCRBNS,NIGERIA,2020,6678.2228664,905.9350065147
2711,PETRLM GASES AND OTHR GASEOUS HYDRCRBNS,NIGERIA,2021,6294.8327469,846.1201718695
2711,PETRLM GASES AND OTHR GASEOUS HYDRCRBNS,NIGERIA,2022,7277.4117179,947.252835896
2711,PETRLM GASES AND OTHR GASEOUS HYDRCRBNS,NIGERIA,2023,3428.3237131,415.50342
2711,PETRLM GASES AND OTHR GASEOUS HYDRCRBNS,NIGERIA,2024,6801.4513858,812.054078
2711,PETRLM GASES AND OTHR GASEOUS HYDRCRBNS,NIGERIA,2025,7756.0463275,887.911279
2711,PETRLM GASES AND OTHR GASEOUS HYDRCRBNS,NIGERIA,2026,12701.3323725,1355.299402
2711,PETRLM GASES AND OTHR GASEOUS HYDRCRBNS,QATAR,2019,47928.3367817,6808.3461565669
2711,PETRLM GASES AND OTHR GASEOUS HYDRCRBNS,QATAR,2020,41299.672074,5598.4420682136
2711,PETRLM GASES AND OTHR GASEOUS HYDRCRBNS,QATAR,2021,62156.2617379,8399.8440709891
2711,PETRLM GASES AND OTHR GASEOUS HYDRCRBNS,QATAR,2022,98803.9701411,12568.7148547362
2711,PETRLM GASES AND OTHR GASEOUS HYDRCRBNS,QATAR,2023,78625.5535648,9517.715193
2711,PETRLM GASES AND OTHR GASEOUS HYDRCRBNS,QATAR,2024,83510.406032,9981.494496
2711,PETRLM GASES AND OTHR GASEOUS HYDRCRBNS,QATAR,2025,80363.0716855,9223.151367
2711,PETRLM GASES AND OTHR GASEOUS HYDRCRBNS,QATAR,2026,16308.5702847,1781.128693
2711,PETRLM GASES AND OTHR GASEOUS HYDRCRBNS,RUSSIA,2019,184.76713,26.0346579724
2711,PETRLM GASES AND OTHR GASEOUS HYDRCRBNS,RUSSIA,2020,162.2353789,21.6382176414
2711,PETRLM GASES AND OTHR GASEOUS HYDRCRBNS,RUSSIA,2021,271.2119225,36.4279765666
2711,PETRLM GASES AND OTHR GASEOUS HYDRCRBNS,RUSSIA,2022,447.5822567,57.7853121784
2711,PETRLM GASES AND OTHR GASEOUS HYDRCRBNS,RUSSIA,2023,1005.0633801,121.602612
2711,PETRLM GASES AND OTHR GASEOUS HYDRCRBNS,RUSSIA,2024,70.2911765,8.417462
2711,PETRLM GASES AND OTHR GASEOUS HYDRCRBNS,RUSSIA,2025,602.5084994,69.118716
2711,PETRLM GASES AND OTHR GASEOUS HYDRCRBNS,RUSSIA,2026,532.0721872,56.674668
2711,PETRLM GASES AND OTHR GASEOUS HYDRCRBNS,SAUDI ARAB,2019,13851.8931782,1966.1700443871
2711,PETRLM GASES AND OTHR GASEOUS HYDRCRBNS,SAUDI ARAB,2020,12501.5129188,1697.3565924128
2711,PETRLM GASES AND OTHR GASEOUS HYDRCRBNS,SAUDI ARAB,2021,19171.6265682,2588.9864341706
2711,PETRLM GASES AND OTHR GASEOUS HYDRCRBNS,SAUDI ARAB,2022,23272.8633567,2971.135002444
2711,PETRLM GASES AND OTHR GASEOUS HYDRCRBNS,SAUDI ARAB,2023,18553.2346289,2245.216329
2711,PETRLM GASES AND OTHR GASEOUS HYDRCRBNS,SAUDI ARAB,2024,19287.1012152,2304.920094
2711,PETRLM GASES AND OTHR GASEOUS HYDRCRBNS,SAUDI ARAB,2025,16129.9955872,1850.658704
2711,PETRLM GASES AND OTHR GASEOUS HYDRCRBNS,SAUDI ARAB,2026,5917.6441398,638.519234
2711,PETRLM GASES AND OTHR GASEOUS HYDRCRBNS,U S A,2019,7402.9085035,1050.1910417553
2711,PETRLM GASES AND OTHR GASEOUS HYDRCRBNS,U S A,2020,8324.2405567,1120.4170911982
2711,PETRLM GASES AND OTHR GASEOUS HYDRCRBNS,U S A,2021,15820.2639292,2137.7511967938
2711,PETRLM GASES AND OTHR GASEOUS HYDRCRBNS,U S A,2022,14172.7524083,1794.3567573398
2711,PETRLM GASES AND OTHR GASEOUS HYDRCRBNS,U S A,2023,12732.4069261,1541.32799
2711,PETRLM GASES AND OTHR GASEOUS HYDRCRBNS,U S A,2024,22263.319813,2659.013652
2711,PETRLM GASES AND OTHR GASEOUS HYDRCRBNS,U S A,2025,17751.0153018,2032.649561
2711,PETRLM GASES AND OTHR GASEOUS HYDRCRBNS,U S A,2026,26972.9722886,2859.347498
