Date,Time,USD_INR_Rate,GBP_INR_Rate,EUR_INR_Rate,AED_INR_Rate,Financial_Year
2019-04-02,1:30:00 PM,69.1198,90.2119,77.4478,,FY2019-20
2019-04-03,1:30:00 PM,68.4896,90.0204,76.88,,FY2019-20
2019-04-04,1:30:00 PM,68.8446,90.7675,77.3878,,FY2019-20
2019-04-05,1:30:00 PM,69.1965,90.6354,77.7317,,FY2019-20
2019-04-08,1:30:00 PM,69.5142,90.7804,78.0403,,FY2019-20
2019-04-09,1:30:00 PM,69.5397,90.9538,78.3124,,FY2019-20
2019-04-10,1:30:00 PM,69.1482,90.3799,77.912,,FY2019-20
2019-04-11,1:30:00 PM,68.9742,90.2762,77.7942,,FY2019-20
2019-04-12,1:30:00 PM,69.324,90.5589,78.2335,,FY2019-20
2019-04-15,1:30:00 PM,69.2293,90.6193,78.3002,,FY2019-20
2019-04-16,1:30:00 PM,69.577,91.086,78.6489,,FY2019-20
2019-04-18,1:30:00 PM,69.4189,90.5519,78.4341,,FY2019-20
2019-04-22,1:30:00 PM,69.7423,90.6362,78.4076,,FY2019-20
2019-04-23,1:30:00 PM,69.7474,90.5428,78.4291,,FY2019-20
2019-04-24,1:30:00 PM,69.9045,90.346,78.3322,,FY2019-20
2019-04-25,1:30:00 PM,69.9418,90.259,78.0527,,FY2019-20
2019-04-26,1:30:00 PM,70.1445,90.5322,78.1283,,FY2019-20
2019-04-30,1:30:00 PM,69.8368,90.3348,78.0771,,FY2019-20
2019-05-02,1:30:00 PM,69.5419,90.787,77.8841,,FY2019-20
2019-05-03,1:30:00 PM,69.2679,90.2404,77.339,,FY2019-20
2019-05-06,1:30:00 PM,69.3558,90.998,77.636,,FY2019-20
2019-05-07,1:30:00 PM,69.3095,90.9706,77.701,,FY2019-20
2019-05-08,1:30:00 PM,69.6009,90.9002,78.0124,,FY2019-20
2019-05-09,1:30:00 PM,69.8685,90.9879,78.2481,,FY2019-20
2019-05-10,1:30:00 PM,69.9212,90.9269,78.4884,,FY2019-20
2019-05-13,1:30:00 PM,70.2576,91.437,78.9227,,FY2019-20
2019-05-14,1:30:00 PM,70.4208,91.2137,79.1511,,FY2019-20
2019-05-15,1:30:00 PM,70.2087,90.6319,78.688,,FY2019-20
2019-05-16,1:30:00 PM,70.2469,90.1937,78.721,,FY2019-20
2019-05-17,1:30:00 PM,70.1666,89.7276,78.4336,,FY2019-20
2019-05-20,1:30:00 PM,69.5466,88.5426,77.5658,,FY2019-20
2019-05-21,1:30:00 PM,69.7291,88.622,77.7242,,FY2019-20
2019-05-22,1:30:00 PM,69.7655,88.5915,77.8123,,FY2019-20
2019-05-23,1:30:00 PM,69.6732,87.922,77.6526,,FY2019-20
2019-05-24,1:30:00 PM,69.6096,88.3021,77.9744,,FY2019-20
2019-05-27,1:30:00 PM,69.4327,88.4795,77.822,,FY2019-20
2019-05-28,1:30:00 PM,69.6142,88.2792,77.8574,,FY2019-20
2019-05-29,1:30:00 PM,69.8805,88.4706,78.0095,,FY2019-20
2019-05-30,1:30:00 PM,69.7852,88.1666,77.7095,,FY2019-20
2019-05-31,1:30:00 PM,69.8058,88.0093,77.7288,,FY2019-20
2019-06-03,1:30:00 PM,69.4338,87.7143,77.5622,,FY2019-20
2019-06-04,1:30:00 PM,69.2918,87.8324,78.0009,,FY2019-20
2019-06-06,1:30:00 PM,69.3205,87.8744,77.8192,,FY2019-20
2019-06-07,1:30:00 PM,69.3019,88.0217,78.0691,,FY2019-20
2019-06-10,1:30:00 PM,69.4598,88.2658,78.5544,,FY2019-20
2019-06-11,1:30:00 PM,69.4222,88.0398,78.5799,,FY2019-20
2019-06-12,1:30:00 PM,69.4048,88.3282,78.7,,FY2019-20
2019-06-13,1:30:00 PM,69.3579,88.0207,78.374,,FY2019-20
2019-06-14,1:30:00 PM,69.5646,88.1986,78.4308,,FY2019-20
2019-06-17,1:30:00 PM,69.8362,87.8898,78.2729,,FY2019-20
2019-06-18,1:30:00 PM,69.801,87.4602,78.4233,,FY2019-20
2019-06-19,1:30:00 PM,69.6677,87.4878,77.9925,,FY2019-20
2019-06-20,1:30:00 PM,69.5645,88.3794,78.4711,,FY2019-20
2019-06-21,1:30:00 PM,69.6343,88.365,78.5851,,FY2019-20
2019-06-24,1:30:00 PM,69.4788,88.6827,79.1137,,FY2019-20
2019-06-25,1:30:00 PM,69.3398,88.4161,79.0525,,FY2019-20
2019-06-26,1:30:00 PM,69.3192,87.8357,78.7549,,FY2019-20
2019-06-27,1:30:00 PM,69.2216,87.7356,78.5887,,FY2019-20
2019-06-28,1:30:00 PM,68.918,87.3476,78.3579,,FY2019-20
2019-07-01,1:30:00 PM,68.9665,87.4697,78.1285,,FY2019-20
2019-07-02,1:30:00 PM,68.9924,87.2262,77.9177,,FY2019-20
2019-07-03,1:30:00 PM,68.8776,86.6076,77.7256,,FY2019-20
2019-07-04,1:30:00 PM,68.8545,86.5721,77.6881,,FY2019-20
2019-07-05,1:30:00 PM,68.7499,86.5039,77.5178,,FY2019-20
2019-07-08,1:30:00 PM,68.6982,86.0596,77.1078,,FY2019-20
2019-07-09,1:30:00 PM,68.7301,85.8792,77.0478,,FY2019-20
2019-07-10,1:30:00 PM,68.5269,85.3009,76.7908,,FY2019-20
2019-07-11,1:30:00 PM,68.3665,85.6541,77.0436,,FY2019-20
2019-07-12,1:30:00 PM,68.5855,86.0112,77.2931,,FY2019-20
2019-07-15,1:30:00 PM,68.5836,86.1991,77.3074,,FY2019-20
2019-07-16,1:30:00 PM,68.5672,85.7657,77.1838,,FY2019-20
2019-07-17,1:30:00 PM,68.8051,85.3908,77.1434,,FY2019-20
2019-07-18,1:30:00 PM,68.8758,85.7164,77.4389,,FY2019-20
2019-07-19,1:30:00 PM,68.8249,86.2248,77.5161,,FY2019-20
2019-07-22,1:30:00 PM,69.0199,86.2956,77.4215,,FY2019-20
2019-07-23,1:30:00 PM,68.9922,85.9312,77.2055,,FY2019-20
2019-07-24,1:30:00 PM,69.0135,85.8855,76.9616,,FY2019-20
2019-07-25,1:30:00 PM,68.9904,86.0738,76.8181,,FY2019-20
2019-07-26,1:30:00 PM,69.0611,85.8494,76.9437,,FY2019-20
2019-07-29,1:30:00 PM,68.9023,85.2193,76.6552,,FY2019-20
2019-07-30,1:30:00 PM,68.75,83.5445,76.5751,,FY2019-20
2019-07-31,1:30:00 PM,68.8569,83.7364,76.842,,FY2019-20
2019-08-01,1:30:00 PM,69.058,83.7457,76.3059,,FY2019-20
2019-08-02,1:30:00 PM,69.3981,84.0892,76.9366,,FY2019-20
2019-08-05,1:30:00 PM,70.3584,85.2556,78.2686,,FY2019-20
2019-08-06,1:30:00 PM,70.7226,85.9944,79.2494,,FY2019-20
2019-08-07,1:30:00 PM,70.9553,86.2263,79.5002,,FY2019-20
2019-08-08,1:30:00 PM,70.8497,86.1528,79.3913,,FY2019-20
2019-08-09,1:30:00 PM,70.5185,85.6085,78.9069,,FY2019-20
2019-08-13,1:30:00 PM,71.2365,85.8939,79.7557,,FY2019-20
2019-08-14,1:30:00 PM,71.0968,85.7442,79.4554,,FY2019-20
2019-08-16,1:30:00 PM,71.2872,86.3269,79.1468,,FY2019-20
2019-08-19,1:30:00 PM,71.3419,86.8026,79.1386,,FY2019-20
2019-08-20,1:30:00 PM,71.6483,86.7809,79.3682,,FY2019-20
2019-08-21,1:30:00 PM,71.5508,86.8913,79.3942,,FY2019-20
2019-08-22,1:30:00 PM,71.7033,86.9121,79.4272,,FY2019-20
2019-08-23,1:30:00 PM,71.7267,87.6189,79.3943,,FY2019-20
2019-08-26,1:30:00 PM,72.1814,88.5955,80.4731,,FY2019-20
2019-08-27,1:30:00 PM,71.8206,87.7485,79.7395,,FY2019-20
2019-08-28,1:30:00 PM,71.7041,88.0211,79.4959,,FY2019-20
2019-08-29,1:30:00 PM,71.9971,87.9358,79.7949,,FY2019-20
2019-08-30,1:30:00 PM,71.7586,87.4292,79.2397,,FY2019-20
2019-09-03,1:30:00 PM,72.1899,86.7193,78.9998,,FY2019-20
2019-09-04,1:30:00 PM,72.07,87.2806,79.105,,FY2019-20
2019-09-05,1:30:00 PM,71.8611,87.8861,79.2091,,FY2019-20
2019-09-06,1:30:00 PM,71.7323,88.5057,79.2097,,FY2019-20
2019-09-09,1:30:00 PM,71.5886,87.8292,78.936,,FY2019-20
2019-09-11,1:30:00 PM,71.6637,88.563,79.1569,,FY2019-20
2019-09-12,1:30:00 PM,71.3175,87.9098,78.5068,,FY2019-20
2019-09-13,1:30:00 PM,70.9387,87.6547,78.5646,,FY2019-20
2019-09-16,1:30:00 PM,71.5362,89.1393,79.1934,,FY2019-20
2019-09-17,1:30:00 PM,71.8196,89.1219,78.9613,,FY2019-20
2019-09-18,1:30:00 PM,71.3132,89.0626,78.9052,,FY2019-20
2019-09-19,1:30:00 PM,71.1382,88.6828,78.5665,,FY2019-20
2019-09-20,1:30:00 PM,70.937,89.2142,78.4407,,FY2019-20
2019-09-23,1:30:00 PM,70.9212,88.4799,78.1835,,FY2019-20
2019-09-24,1:30:00 PM,70.8477,88.1152,77.8611,,FY2019-20
2019-09-25,1:30:00 PM,71.0395,88.5498,78.1425,,FY2019-20
2019-09-26,1:30:00 PM,70.9021,87.6766,77.6619,,FY2019-20
2019-09-27,1:30:00 PM,70.8381,87.3259,77.3203,,FY2019-20
2019-09-30,1:30:00 PM,70.685,86.9256,77.3284,,FY2019-20
2019-10-01,1:30:00 PM,70.9109,87.0554,77.1752,,FY2019-20
2019-10-03,1:30:00 PM,71.1163,87.4195,77.8927,,FY2019-20
2019-10-04,1:30:00 PM,70.8703,87.5229,77.7844,,FY2019-20
2019-10-07,1:30:00 PM,70.9763,87.4182,77.9282,,FY2019-20
2019-10-09,1:30:00 PM,71.1121,86.7904,77.9284,,FY2019-20
2019-10-10,1:30:00 PM,71.0516,86.8592,78.0544,,FY2019-20
2019-10-11,1:30:00 PM,71.0272,88.4298,78.2421,,FY2019-20
2019-10-14,1:30:00 PM,71.0188,89.2891,78.2925,,FY2019-20
2019-10-15,1:30:00 PM,71.3186,90.4134,78.7419,,FY2019-20
2019-10-16,1:30:00 PM,71.5051,91.3506,79.0184,,FY2019-20
2019-10-17,1:30:00 PM,71.4087,91.1061,79.0571,,FY2019-20
2019-10-18,1:30:00 PM,71.1988,91.518,79.1854,,FY2019-20
2019-10-22,1:30:00 PM,70.8731,91.9602,79.0641,,FY2019-20
2019-10-23,1:30:00 PM,70.9373,91.3275,78.9225,,FY2019-20
2019-10-24,1:30:00 PM,70.9338,91.6346,78.981,,FY2019-20
2019-10-25,1:30:00 PM,70.9593,91.1889,78.8121,,FY2019-20
2019-10-29,1:30:00 PM,70.7303,90.9115,78.4418,,FY2019-20
2019-10-30,1:30:00 PM,70.9915,91.3594,78.8929,,FY2019-20
2019-10-31,1:30:00 PM,70.8095,91.5,79.0338,,FY2019-20
2019-11-01,1:30:00 PM,70.8798,91.8465,79.1198,,FY2019-20
2019-11-04,1:30:00 PM,70.6821,91.4174,78.9312,,FY2019-20
2019-11-05,1:30:00 PM,70.7283,91.1113,78.7046,,FY2019-20
2019-11-06,1:30:00 PM,70.8861,91.3207,78.5116,,FY2019-20
2019-11-07,1:30:00 PM,71.0079,91.2409,78.5523,,FY2019-20
2019-11-08,1:30:00 PM,71.2494,91.2662,78.7311,,FY2019-20
2019-11-11,1:30:00 PM,71.445,91.4191,78.7533,,FY2019-20
2019-11-13,1:30:00 PM,71.7002,92.1735,78.9744,,FY2019-20
2019-11-14,1:30:00 PM,72.0501,92.4273,79.2359,,FY2019-20
2019-11-15,1:30:00 PM,71.7109,92.366,79.0445,,FY2019-20
2019-11-18,1:30:00 PM,71.7131,92.7011,79.3166,,FY2019-20
2019-11-19,1:30:00 PM,71.8138,93.0932,79.5625,,FY2019-20
2019-11-20,1:30:00 PM,71.6756,92.526,79.3645,,FY2019-20
2019-11-21,1:30:00 PM,71.7996,92.813,79.5152,,FY2019-20
2019-11-22,1:30:00 PM,71.8514,92.8291,79.5218,,FY2019-20
2019-11-25,1:30:00 PM,71.6468,92.0599,78.9982,,FY2019-20
2019-11-26,1:30:00 PM,71.5909,92.3231,78.854,,FY2019-20
2019-11-27,1:30:00 PM,71.3627,91.6711,78.5632,,FY2019-20
2019-11-28,1:30:00 PM,71.5147,92.5867,78.731,,FY2019-20
2019-11-29,1:30:00 PM,71.7255,92.6631,78.975,,FY2019-20
2019-12-02,1:30:00 PM,71.7217,92.6496,79.0249,,FY2019-20
2019-12-03,1:30:00 PM,71.6006,92.6622,79.2938,,FY2019-20
2019-12-04,1:30:00 PM,71.78,93.2719,79.504,,FY2019-20
2019-12-05,1:30:00 PM,71.5476,93.8137,79.2924,,FY2019-20
2019-12-06,1:30:00 PM,71.3165,93.8772,79.1927,,FY2019-20
2019-12-09,1:30:00 PM,71.162,93.7455,78.7189,,FY2019-20
2019-12-10,1:30:00 PM,70.8962,93.2739,78.4575,,FY2019-20
2019-12-11,1:30:00 PM,70.8679,93.1011,78.5816,,FY2019-20
2019-12-12,1:30:00 PM,70.7494,93.4651,78.8101,,FY2019-20
2019-12-13,1:30:00 PM,70.7178,95.2767,78.9748,,FY2019-20
2019-12-16,1:30:00 PM,70.941,94.9645,79.0084,,FY2019-20
2019-12-17,1:30:00 PM,70.9687,94.2242,79.1008,,FY2019-20
2019-12-18,1:30:00 PM,71.0611,93.1284,79.137,,FY2019-20
2019-12-19,1:30:00 PM,71.0813,92.9995,79.0974,,FY2019-20
2019-12-20,1:30:00 PM,71.1569,92.6164,79.1051,,FY2019-20
2019-12-23,1:30:00 PM,71.1699,92.6613,78.8814,,FY2019-20
2019-12-24,1:30:00 PM,71.1959,92.1522,78.9487,,FY2019-20
2019-12-26,1:30:00 PM,71.2699,92.5549,79.0264,,FY2019-20
2019-12-27,1:30:00 PM,71.2214,92.5532,79.1859,,FY2019-20
2019-12-30,1:30:00 PM,71.3449,93.5536,79.883,,FY2019-20
2019-12-31,1:30:00 PM,71.274,93.4835,79.883,,FY2019-20
2020-01-01,1:30:00 PM,71.3717,94.6413,80.0305,,FY2019-20
2020-01-02,1:30:00 PM,71.3429,94.2535,79.9392,,FY2019-20
2020-01-03,1:30:00 PM,71.6949,93.9891,80.0507,,FY2019-20
2020-01-06,1:30:00 PM,72.0919,94.289,80.4531,,FY2019-20
2020-01-07,1:30:00 PM,71.7764,94.43,80.2805,,FY2019-20
2020-01-08,1:30:00 PM,72.0178,94.5776,80.3166,,FY2019-20
2020-01-09,1:30:00 PM,71.4221,93.6525,79.3742,,FY2019-20
2020-01-10,1:30:00 PM,71.1136,93.0583,79.002,,FY2019-20
2020-01-13,1:30:00 PM,70.8115,92.2598,78.8019,,FY2019-20
2020-01-14,1:30:00 PM,70.9242,92.139,78.9892,,FY2019-20
2020-01-15,1:30:00 PM,70.8753,92.3756,78.9097,,FY2019-20
2020-01-16,1:30:00 PM,70.9065,92.4484,79.0485,,FY2019-20
2020-01-17,1:30:00 PM,71.0436,92.9492,79.1374,,FY2019-20
2020-01-20,1:30:00 PM,71.057,92.3305,78.8766,,FY2019-20
2020-01-21,1:30:00 PM,71.1825,92.6222,78.9907,,FY2019-20
2020-01-22,1:30:00 PM,71.2056,93.0135,78.9124,,FY2019-20
2020-01-23,1:30:00 PM,71.2437,93.4789,78.9556,,FY2019-20
2020-01-24,1:30:00 PM,71.2404,93.5097,78.6902,,FY2019-20
2020-01-27,1:30:00 PM,71.3948,93.2473,78.729,,FY2019-20
2020-01-28,1:30:00 PM,71.3263,93.0918,78.6211,,FY2019-20
2020-01-29,1:30:00 PM,71.1875,92.7174,78.4221,,FY2019-20
2020-01-30,1:30:00 PM,71.4772,93.0209,78.7102,,FY2019-20
2020-01-31,1:30:00 PM,71.5096,93.6614,78.8169,,FY2019-20
2020-02-03,1:30:00 PM,71.5803,94.1954,79.3301,,FY2019-20
2020-02-04,1:30:00 PM,71.135,92.6021,78.6857,,FY2019-20
2020-02-05,1:30:00 PM,71.2664,92.7746,78.6544,,FY2019-20
2020-02-06,1:30:00 PM,71.2558,92.5195,78.3804,,FY2019-20
2020-02-07,1:30:00 PM,71.2476,92.2248,78.228,,FY2019-20
2020-02-10,1:30:00 PM,71.3046,92.0162,78.1118,,FY2019-20
2020-02-11,1:30:00 PM,71.2291,92.0,77.7067,,FY2019-20
2020-02-12,1:30:00 PM,71.258,92.3157,77.7373,,FY2019-20
2020-02-13,1:30:00 PM,71.4699,92.5626,77.7049,,FY2019-20
2020-02-14,1:30:00 PM,71.3865,93.1289,77.3544,,FY2019-20
2020-02-17,1:30:00 PM,71.4259,93.1737,77.4162,,FY2019-20
2020-02-18,1:30:00 PM,71.4013,92.8193,77.3628,,FY2019-20
2020-02-20,1:30:00 PM,71.5899,92.3958,77.2522,,FY2019-20
2020-02-24,1:30:00 PM,71.8522,92.9485,77.734,,FY2019-20
2020-02-25,1:30:00 PM,71.8598,92.9751,78.0067,,FY2019-20
2020-02-26,1:30:00 PM,71.7291,93.1641,77.9796,,FY2019-20
2020-02-27,1:30:00 PM,71.6124,92.6273,78.1692,,FY2019-20
2020-02-28,1:30:00 PM,72.1895,93.0104,79.4421,,FY2019-20
2020-03-02,1:30:00 PM,72.242,92.7404,79.7605,,FY2019-20
2020-03-03,1:30:00 PM,72.8733,93.1462,81.2387,,FY2019-20
2020-03-04,1:30:00 PM,73.5603,94.2175,81.9937,,FY2019-20
2020-03-05,1:30:00 PM,73.2824,94.3682,81.6141,,FY2019-20
2020-03-06,1:30:00 PM,73.6629,95.4377,82.693,,FY2019-20
2020-03-09,1:30:00 PM,73.9538,96.669,84.333,,FY2019-20
2020-03-11,1:30:00 PM,73.8128,95.4675,83.7957,,FY2019-20
2020-03-12,1:30:00 PM,74.1694,94.9947,83.758,,FY2019-20
2020-03-13,1:30:00 PM,74.0694,93.003,82.9577,,FY2019-20
2020-03-16,1:30:00 PM,74.2723,91.6827,82.7027,,FY2019-20
2020-03-17,1:30:00 PM,74.0309,90.5368,82.6585,,FY2019-20
2020-03-18,1:30:00 PM,74.1727,89.7594,81.721,,FY2019-20
2020-03-19,1:30:00 PM,75.0583,86.6248,82.0317,,FY2019-20
2020-03-20,1:30:00 PM,75.0063,87.4203,80.6458,,FY2019-20
2020-03-23,1:30:00 PM,75.8814,88.7595,81.5432,,FY2019-20
2020-03-24,1:30:00 PM,76.1522,88.5046,82.1119,,FY2019-20
2020-03-26,1:30:00 PM,75.2392,89.0185,82.0483,,FY2019-20
2020-03-27,1:30:00 PM,74.8434,91.5604,82.6411,,FY2019-20
2020-03-30,1:30:00 PM,75.3451,93.3671,83.4588,,FY2019-20
2020-03-31,1:30:00 PM,75.3859,93.076,83.0496,,FY2019-20
2020-04-03,1:30:00 PM,75.8276,93.8816,82.2168,,FY2020-21
2020-04-07,1:30:00 PM,75.8438,93.1685,82.1328,,FY2020-21
2020-04-08,1:30:00 PM,76.0867,93.5724,82.4699,,FY2020-21
2020-04-09,1:30:00 PM,76.4577,94.542,82.9153,,FY2020-21
2020-04-13,1:30:00 PM,76.3617,95.3681,83.5657,,FY2020-21
2020-04-15,1:30:00 PM,76.2743,95.9754,83.6012,,FY2020-21
2020-04-16,1:30:00 PM,76.7408,95.9853,83.6541,,FY2020-21
2020-04-17,1:30:00 PM,76.5444,95.4657,83.0542,,FY2020-21
2020-04-20,1:30:00 PM,76.6335,95.4894,83.1719,,FY2020-21
2020-04-21,1:30:00 PM,76.6516,95.1354,83.0878,,FY2020-21
2020-04-22,1:30:00 PM,76.8084,94.5117,83.3832,,FY2020-21
2020-04-23,1:30:00 PM,76.0635,93.9886,82.3129,,FY2020-21
2020-04-24,1:30:00 PM,76.4173,94.22,82.2113,,FY2020-21
2020-04-27,1:30:00 PM,76.1269,94.7348,82.6241,,FY2020-21
2020-04-28,1:30:00 PM,76.371,94.7774,82.5927,,FY2020-21
2020-04-29,1:30:00 PM,75.6961,94.3567,82.1202,,FY2020-21
2020-04-30,1:30:00 PM,75.115,93.5923,81.617,,FY2020-21
2020-05-04,1:30:00 PM,75.7902,94.2103,82.8351,,FY2020-21
2020-05-05,1:30:00 PM,75.5715,94.217,82.4626,,FY2020-21
2020-05-06,1:30:00 PM,75.6911,94.0967,81.9765,,FY2020-21
2020-05-08,1:30:00 PM,75.4411,93.4967,81.7983,,FY2020-21
2020-05-11,1:30:00 PM,75.6838,93.9867,82.0549,,FY2020-21
2020-05-12,1:30:00 PM,75.7944,93.4024,81.956,,FY2020-21
2020-05-13,1:30:00 PM,75.3885,92.6153,81.8222,,FY2020-21
2020-05-14,1:30:00 PM,75.444,91.9853,81.5037,,FY2020-21
2020-05-15,1:30:00 PM,75.5634,92.2604,81.6548,,FY2020-21
2020-05-18,1:30:00 PM,75.9345,91.9542,82.191,,FY2020-21
2020-05-19,1:30:00 PM,75.6638,92.5853,82.6819,,FY2020-21
2020-05-20,1:30:00 PM,75.6712,92.6432,82.806,,FY2020-21
2020-05-21,1:30:00 PM,75.7785,92.3831,83.0376,,FY2020-21
2020-05-22,1:30:00 PM,75.7868,92.4927,82.8183,,FY2020-21
2020-05-26,1:30:00 PM,75.6404,92.602,82.6417,,FY2020-21
2020-05-27,1:30:00 PM,75.6476,93.2175,82.9173,,FY2020-21
2020-05-28,1:30:00 PM,75.7501,92.9418,83.4812,,FY2020-21
2020-05-29,1:30:00 PM,75.6369,93.3127,83.9146,,FY2020-21
2020-06-01,1:30:00 PM,75.4792,93.5308,84.0904,,FY2020-21
2020-06-02,1:30:00 PM,75.5871,94.6381,84.1133,,FY2020-21
2020-06-03,1:30:00 PM,75.326,94.8651,84.444,,FY2020-21
2020-06-04,1:30:00 PM,75.529,94.656,84.6353,,FY2020-21
2020-06-05,1:30:00 PM,75.4665,95.4717,85.8416,,FY2020-21
2020-06-08,1:30:00 PM,75.6307,96.0258,85.3523,,FY2020-21
2020-06-09,1:30:00 PM,75.4931,95.9729,85.1532,,FY2020-21
2020-06-10,1:30:00 PM,75.4688,96.2997,85.7034,,FY2020-21
2020-06-11,1:30:00 PM,75.7907,96.1046,86.0472,,FY2020-21
2020-06-12,1:30:00 PM,75.973,95.5649,85.8692,,FY2020-21
2020-06-15,1:30:00 PM,76.1056,94.8418,85.5249,,FY2020-21
2020-06-16,1:30:00 PM,75.841,96.0445,85.9602,,FY2020-21
2020-06-17,1:30:00 PM,76.2032,95.825,85.977,,FY2020-21
2020-06-18,1:30:00 PM,76.1509,95.5816,85.6916,,FY2020-21
2020-06-19,1:30:00 PM,76.2144,94.7934,85.4175,,FY2020-21
2020-06-22,1:30:00 PM,76.062,94.2074,85.1935,,FY2020-21
2020-06-23,1:30:00 PM,75.7549,94.3396,85.3308,,FY2020-21
2020-06-24,1:30:00 PM,75.7087,94.7222,85.7007,,FY2020-21
2020-06-25,1:30:00 PM,75.6349,93.9184,85.0676,,FY2020-21
2020-06-26,1:30:00 PM,75.4757,93.7101,84.6264,,FY2020-21
2020-06-29,1:30:00 PM,75.568,93.5829,85.1173,,FY2020-21
2020-06-30,1:30:00 PM,75.527,92.6892,84.6658,,FY2020-21
2020-07-01,1:30:00 PM,75.5813,93.5838,84.8894,,FY2020-21
2020-07-02,1:30:00 PM,75.4876,94.361,85.0695,,FY2020-21
2020-07-03,1:30:00 PM,74.7843,93.272,84.0486,,FY2020-21
2020-07-06,1:30:00 PM,74.6822,93.3537,84.3167,,FY2020-21
2020-07-07,1:30:00 PM,74.8609,93.4868,84.6113,,FY2020-21
2020-07-08,1:30:00 PM,75.027,94.1229,84.5399,,FY2020-21
2020-07-09,1:30:00 PM,75.0031,94.7779,85.1875,,FY2020-21
2020-07-10,1:30:00 PM,75.2865,94.7686,84.7992,,FY2020-21
2020-07-13,1:30:00 PM,75.1567,95.1168,85.122,,FY2020-21
2020-07-14,1:30:00 PM,75.3935,94.547,85.5364,,FY2020-21
2020-07-15,1:30:00 PM,75.3123,94.8433,85.9218,,FY2020-21
2020-07-16,1:30:00 PM,75.242,94.4588,85.8025,,FY2020-21
2020-07-17,1:30:00 PM,75.1015,94.2539,85.495,,FY2020-21
2020-07-20,1:30:00 PM,74.9666,94.0641,85.9357,,FY2020-21
2020-07-21,1:30:00 PM,74.7678,94.8719,85.5708,,FY2020-21
2020-07-22,1:30:00 PM,74.6848,94.9657,86.0638,,FY2020-21
2020-07-23,1:30:00 PM,74.7548,95.285,86.6458,,FY2020-21
2020-07-24,1:30:00 PM,74.8672,95.4187,86.9463,,FY2020-21
2020-07-27,1:30:00 PM,74.762,95.8937,87.5289,,FY2020-21
2020-07-28,1:30:00 PM,74.7458,96.155,87.7212,,FY2020-21
2020-07-29,1:30:00 PM,74.7667,96.6709,87.7766,,FY2020-21
2020-07-30,1:30:00 PM,74.8412,96.9278,87.9624,,FY2020-21
2020-07-31,1:30:00 PM,74.7722,98.1719,88.8737,,FY2020-21
2020-08-03,1:30:00 PM,74.9789,97.9754,88.1262,,FY2020-21
2020-08-04,1:30:00 PM,75.0894,98.1238,88.3682,,FY2020-21
2020-08-05,1:30:00 PM,74.9086,97.9994,88.5305,,FY2020-21
2020-08-06,1:30:00 PM,74.8591,98.544,89.0738,,FY2020-21
2020-08-07,1:30:00 PM,74.9556,98.3922,88.7829,,FY2020-21
2020-08-10,1:30:00 PM,74.878,97.8411,88.3276,,FY2020-21
2020-08-11,1:30:00 PM,74.8436,97.7832,87.805,,FY2020-21
2020-08-12,1:30:00 PM,74.8286,97.6239,87.7779,,FY2020-21
2020-08-13,1:30:00 PM,74.8369,97.8478,88.55,,FY2020-21
2020-08-14,1:30:00 PM,74.7721,97.7346,88.3941,,FY2020-21
2020-08-17,1:30:00 PM,74.8464,98.0757,88.7908,,FY2020-21
2020-08-18,1:30:00 PM,74.819,98.4379,88.9907,,FY2020-21
2020-08-19,1:30:00 PM,74.7608,99.1353,89.2828,,FY2020-21
2020-08-20,1:30:00 PM,75.0062,98.1271,88.8228,,FY2020-21
2020-08-21,1:30:00 PM,74.8755,99.1247,88.8587,,FY2020-21
2020-08-24,1:30:00 PM,74.8282,98.0569,88.2938,,FY2020-21
2020-08-25,1:30:00 PM,74.3952,97.4582,87.8583,,FY2020-21
2020-08-26,1:30:00 PM,74.3541,97.7647,87.8761,,FY2020-21
2020-08-27,1:30:00 PM,74.3263,98.1464,87.9141,,FY2020-21
2020-08-28,1:30:00 PM,73.3528,97.2849,87.0673,,FY2020-21
2020-08-31,1:30:00 PM,73.5951,98.1297,87.5742,,FY2020-21
2020-09-01,1:30:00 PM,72.8204,97.6895,87.3053,,FY2020-21
2020-09-02,1:30:00 PM,73.0126,97.6042,86.8903,,FY2020-21
2020-09-03,1:30:00 PM,73.356,97.4681,86.5469,,FY2020-21
2020-09-04,1:30:00 PM,73.338,97.3498,86.8513,,FY2020-21
2020-09-07,1:30:00 PM,73.2831,96.8431,86.6993,,FY2020-21
2020-09-08,1:30:00 PM,73.4272,96.5602,86.8071,,FY2020-21
2020-09-09,1:30:00 PM,73.6728,95.4868,86.7527,,FY2020-21
2020-09-10,1:30:00 PM,73.3541,95.5075,86.7789,,FY2020-21
2020-09-11,1:30:00 PM,73.4737,94.1732,86.9693,,FY2020-21
2020-09-14,1:30:00 PM,73.383,94.076,86.9349,,FY2020-21
2020-09-15,1:30:00 PM,73.4169,94.4396,87.3181,,FY2020-21
2020-09-16,1:30:00 PM,73.7451,95.0756,87.3688,,FY2020-21
2020-09-17,1:30:00 PM,73.7021,95.4452,86.7601,,FY2020-21
2020-09-18,1:30:00 PM,73.297,95.0633,86.8804,,FY2020-21
2020-09-21,1:30:00 PM,73.3164,95.0308,86.9567,,FY2020-21
2020-09-22,1:30:00 PM,73.4951,93.9782,86.296,,FY2020-21
2020-09-23,1:30:00 PM,73.6273,93.4257,85.9869,,FY2020-21
2020-09-24,1:30:00 PM,73.9246,93.865,86.1414,,FY2020-21
2020-09-25,1:30:00 PM,73.7297,94.057,86.0411,,FY2020-21
2020-09-28,1:30:00 PM,73.5733,93.9477,85.5824,,FY2020-21
2020-09-29,1:30:00 PM,73.8521,94.9704,86.1736,,FY2020-21
2020-09-30,1:30:00 PM,73.7978,94.7347,86.5688,,FY2020-21
2020-10-01,1:30:00 PM,73.3834,94.9899,86.2211,,FY2020-21
2020-10-05,1:30:00 PM,73.264,94.6918,85.904,,FY2020-21
2020-10-06,1:30:00 PM,73.3684,95.2786,86.4392,,FY2020-21
2020-10-07,1:30:00 PM,73.3603,94.6255,86.1622,,FY2020-21
2020-10-08,1:30:00 PM,73.2943,94.8804,86.327,,FY2020-21
2020-10-09,1:30:00 PM,73.2103,94.7956,86.2061,,FY2020-21
2020-10-12,1:30:00 PM,73.1351,95.4491,86.4374,,FY2020-21
2020-10-13,1:30:00 PM,73.379,95.7616,86.5447,,FY2020-21
2020-10-14,1:30:00 PM,73.4558,94.8118,86.2738,,FY2020-21
2020-10-15,1:30:00 PM,73.2677,95.2602,86.0852,,FY2020-21
2020-10-16,1:30:00 PM,73.383,94.5613,85.842,,FY2020-21
2020-10-19,1:30:00 PM,73.4189,94.9786,85.9667,,FY2020-21
2020-10-20,1:30:00 PM,73.3337,94.951,86.3377,,FY2020-21
2020-10-21,1:30:00 PM,73.4546,95.3818,87.0564,,FY2020-21
2020-10-22,1:30:00 PM,73.6557,96.8342,87.3075,,FY2020-21
2020-10-23,1:30:00 PM,73.578,96.0585,86.775,,FY2020-21
2020-10-26,1:30:00 PM,73.7331,96.0172,87.2533,,FY2020-21
2020-10-27,1:30:00 PM,73.7487,96.1698,87.2644,,FY2020-21
2020-10-28,1:30:00 PM,73.765,96.2997,86.9237,,FY2020-21
2020-10-29,1:30:00 PM,73.9732,96.3269,86.9654,,FY2020-21
2020-11-02,1:30:00 PM,74.322,95.862,86.487,,FY2020-21
2020-11-03,1:30:00 PM,74.326,96.0946,86.6557,,FY2020-21
2020-11-04,1:30:00 PM,74.6915,97.0432,87.0519,,FY2020-21
2020-11-05,1:30:00 PM,74.2677,96.2594,87.1799,,FY2020-21
2020-11-06,1:30:00 PM,74.0535,97.2026,87.5159,,FY2020-21
2020-11-09,1:30:00 PM,73.9258,97.4041,87.8805,,FY2020-21
2020-11-10,1:30:00 PM,74.2116,97.8208,87.7829,,FY2020-21
2020-11-11,1:30:00 PM,74.2529,98.4311,87.7704,,FY2020-21
2020-11-12,1:30:00 PM,74.45,98.2839,87.6172,,FY2020-21
2020-11-13,1:30:00 PM,74.6713,98.0036,88.1515,,FY2020-21
2020-11-17,1:30:00 PM,74.5087,98.4623,88.3261,,FY2020-21
2020-11-18,1:30:00 PM,74.3629,98.6087,88.2807,,FY2020-21
2020-11-19,1:30:00 PM,74.2555,98.2697,87.9764,,FY2020-21
2020-11-20,1:30:00 PM,74.1598,98.4956,88.1547,,FY2020-21
2020-11-23,1:30:00 PM,74.1409,98.8066,88.0626,,FY2020-21
2020-11-24,1:30:00 PM,73.9752,98.6972,87.6917,,FY2020-21
2020-11-25,1:30:00 PM,73.9762,98.6936,87.9903,,FY2020-21
2020-11-26,1:30:00 PM,73.8262,98.8641,88.0825,,FY2020-21
2020-11-27,1:30:00 PM,73.7983,98.7057,88.0222,,FY2020-21
2020-12-01,1:30:00 PM,73.5083,98.2448,87.9002,,FY2020-21
2020-12-02,1:30:00 PM,73.6501,98.8345,88.9374,,FY2020-21
2020-12-03,1:30:00 PM,73.8938,98.932,89.5544,,FY2020-21
2020-12-04,1:30:00 PM,73.7413,99.2578,89.6404,,FY2020-21
2020-12-07,1:30:00 PM,73.7657,98.9341,89.468,,FY2020-21
2020-12-08,1:30:00 PM,73.7613,98.5702,89.4002,,FY2020-21
2020-12-09,1:30:00 PM,73.5882,98.5498,89.3689,,FY2020-21
2020-12-10,1:30:00 PM,73.6684,98.3959,89.0769,,FY2020-21
2020-12-11,1:30:00 PM,73.5914,98.0031,89.4665,,FY2020-21
2020-12-14,1:30:00 PM,73.5417,98.008,89.3002,,FY2020-21
2020-12-15,1:30:00 PM,73.6532,98.2401,89.5048,,FY2020-21
2020-12-16,1:30:00 PM,73.5209,98.9185,89.4068,,FY2020-21
2020-12-17,1:30:00 PM,73.4336,99.5427,89.7887,,FY2020-21
2020-12-18,1:30:00 PM,73.5146,99.4971,90.0348,,FY2020-21
2020-12-21,1:30:00 PM,73.6498,98.3451,89.7521,,FY2020-21
2020-12-22,1:30:00 PM,73.8879,99.0684,90.3097,,FY2020-21
2020-12-23,1:30:00 PM,73.8132,98.9855,89.9345,,FY2020-21
2020-12-24,1:30:00 PM,73.5838,99.7507,89.808,,FY2020-21
2020-12-28,1:30:00 PM,73.5886,99.8445,89.9488,,FY2020-21
2020-12-29,1:30:00 PM,73.3669,98.9162,89.7928,,FY2020-21
2020-12-30,1:30:00 PM,73.2839,99.1819,89.9873,,FY2020-21
2020-12-31,1:30:00 PM,73.0536,99.5974,89.7931,,FY2020-21
2021-01-01,1:30:00 PM,73.0328,99.8018,89.2271,,FY2020-21
2021-01-04,1:30:00 PM,73.0115,99.8637,89.4191,,FY2020-21
2021-01-05,1:30:00 PM,73.1086,99.4058,89.6979,,FY2020-21
2021-01-06,1:30:00 PM,73.139,99.6529,89.999,,FY2020-21
2021-01-07,1:30:00 PM,73.133,99.3444,90.0467,,FY2020-21
2021-01-08,1:30:00 PM,73.3344,99.5246,89.9446,,FY2020-21
2021-01-11,1:30:00 PM,73.4511,99.18,89.4909,,FY2020-21
2021-01-12,1:30:00 PM,73.3725,99.3654,89.173,,FY2020-21
2021-01-13,1:30:00 PM,73.1546,100.0638,89.3471,,FY2020-21
2021-01-14,1:30:00 PM,73.1226,99.7241,88.8669,,FY2020-21
2021-01-15,1:30:00 PM,73.0243,99.8262,88.6447,,FY2020-21
2021-01-18,1:30:00 PM,73.22,99.3478,88.4122,,FY2020-21
2021-01-19,1:30:00 PM,73.1803,99.5677,88.5101,,FY2020-21
2021-01-20,1:30:00 PM,73.1251,99.8874,88.8046,,FY2020-21
2021-01-21,1:30:00 PM,72.9735,99.9888,88.5524,,FY2020-21
2021-01-22,1:30:00 PM,73.038,100.0591,88.8624,,FY2020-21
2021-01-25,1:30:00 PM,72.9297,100.0255,88.8187,,FY2020-21
2021-01-27,1:30:00 PM,72.8176,100.0548,88.5632,,FY2020-21
2021-01-28,1:30:00 PM,73.0674,99.8929,88.377,,FY2020-21
2021-01-29,1:30:00 PM,72.9519,100.0151,88.301,,FY2020-21
2021-02-01,1:30:00 PM,73.0189,100.3586,88.5812,,FY2020-21
2021-02-02,1:30:00 PM,72.9805,99.8602,88.1113,,FY2020-21
2021-02-03,1:30:00 PM,72.9396,99.5742,87.8168,,FY2020-21
2021-02-04,1:30:00 PM,72.9152,99.1739,87.5916,,FY2020-21
2021-02-05,1:30:00 PM,72.8986,99.7258,87.1979,,FY2020-21
2021-02-08,1:30:00 PM,72.8623,100.0433,87.717,,FY2020-21
2021-02-09,1:30:00 PM,72.8883,100.4377,88.0321,,FY2020-21
2021-02-10,1:30:00 PM,72.8458,100.6821,88.327,,FY2020-21
2021-02-11,1:30:00 PM,72.7772,100.7741,88.2661,,FY2020-21
2021-02-12,1:30:00 PM,72.7998,100.4472,88.2877,,FY2020-21
2021-02-15,1:30:00 PM,72.5906,100.8835,88.124,,FY2020-21
2021-02-16,1:30:00 PM,72.7219,101.3297,88.2587,,FY2020-21
2021-02-17,1:30:00 PM,72.8359,101.1482,88.0557,,FY2020-21
2021-02-18,1:30:00 PM,72.7327,100.7149,87.6148,,FY2020-21
2021-02-22,1:30:00 PM,72.3664,101.4263,87.7177,,FY2020-21
2021-02-23,1:30:00 PM,72.3707,101.8048,88.052,,FY2020-21
2021-02-24,1:30:00 PM,72.2923,102.376,87.827,,FY2020-21
2021-02-25,1:30:00 PM,72.4953,102.6582,88.2727,,FY2020-21
2021-02-26,1:30:00 PM,73.0408,101.8953,88.7967,,FY2020-21
2021-03-01,1:30:00 PM,73.2948,102.4915,88.5875,,FY2020-21
2021-03-02,1:30:00 PM,73.3507,101.9012,88.2047,,FY2020-21
2021-03-03,1:30:00 PM,73.0662,101.8747,88.28,,FY2020-21
2021-03-04,1:30:00 PM,72.7126,101.4753,87.6851,,FY2020-21
2021-03-05,1:30:00 PM,72.7572,101.0103,86.9885,,FY2020-21
2021-03-08,1:30:00 PM,73.0023,100.9247,86.9117,,FY2020-21
2021-03-09,1:30:00 PM,73.1181,101.2305,86.7264,,FY2020-21
2021-03-10,1:30:00 PM,72.9737,101.0554,86.6227,,FY2020-21
2021-03-12,1:30:00 PM,72.6845,101.4739,86.8812,,FY2020-21
2021-03-15,1:30:00 PM,72.7097,101.1261,86.7572,,FY2020-21
2021-03-16,1:30:00 PM,72.4811,100.5221,86.4844,,FY2020-21
2021-03-17,1:30:00 PM,72.5716,100.8673,86.4105,,FY2020-21
2021-03-18,1:30:00 PM,72.5248,101.2688,86.8117,,FY2020-21
2021-03-19,1:30:00 PM,72.5155,100.943,86.4515,,FY2020-21
2021-03-22,1:30:00 PM,72.3772,100.2579,86.0493,,FY2020-21
2021-03-23,1:30:00 PM,72.2928,100.0099,86.2169,,FY2020-21
2021-03-24,1:30:00 PM,72.6558,99.615,86.023,,FY2020-21
2021-03-25,1:30:00 PM,72.6102,99.3675,85.819,,FY2020-21
2021-03-26,1:30:00 PM,72.4046,99.6234,85.3129,,FY2020-21
2021-03-30,1:30:00 PM,73.0407,100.5598,85.8494,,FY2020-21
2021-03-31,1:30:00 PM,73.5047,100.9509,86.099,,FY2020-21
2021-04-05,1:30:00 PM,73.433,101.5319,86.296,,FY2021-22
2021-04-06,1:30:00 PM,73.3141,101.9569,86.5991,,FY2021-22
2021-04-07,1:30:00 PM,74.1172,102.1898,88.0097,,FY2021-22
2021-04-08,1:30:00 PM,74.37,102.3282,88.2836,,FY2021-22
2021-04-09,1:30:00 PM,74.8899,102.6186,89.0431,,FY2021-22
2021-04-12,1:30:00 PM,74.8525,102.6128,89.0041,,FY2021-22
2021-04-15,1:30:00 PM,75.1699,103.5891,90.0315,,FY2021-22
2021-04-16,1:30:00 PM,74.5607,102.4449,89.19,,FY2021-22
2021-04-19,1:30:00 PM,74.8847,103.7607,89.61,,FY2021-22
2021-04-20,1:30:00 PM,74.7296,104.5771,90.1458,,FY2021-22
2021-04-22,1:30:00 PM,74.9404,104.4749,90.2467,,FY2021-22
2021-04-23,1:30:00 PM,74.9144,103.8059,90.0876,,FY2021-22
2021-04-26,1:30:00 PM,74.7672,103.9528,90.5087,,FY2021-22
2021-04-27,1:30:00 PM,74.5993,103.5826,90.0329,,FY2021-22
2021-04-28,1:30:00 PM,74.4042,103.2636,89.783,,FY2021-22
2021-04-29,1:30:00 PM,74.0573,103.346,89.8276,,FY2021-22
2021-04-30,1:30:00 PM,74.0232,103.1592,89.6905,,FY2021-22
2021-05-03,1:30:00 PM,74.1812,102.5006,89.1683,,FY2021-22
2021-05-04,1:30:00 PM,73.8546,102.5314,88.8993,,FY2021-22
2021-05-05,1:30:00 PM,73.9666,102.7682,88.7964,,FY2021-22
2021-05-06,1:30:00 PM,73.9406,102.7917,88.7849,,FY2021-22
2021-05-07,1:30:00 PM,73.7443,102.5075,88.8997,,FY2021-22
2021-05-10,1:30:00 PM,73.4135,103.2497,89.2498,,FY2021-22
2021-05-11,1:30:00 PM,73.4518,103.6757,89.1514,,FY2021-22
2021-05-12,1:30:00 PM,73.4389,103.7951,89.1171,,FY2021-22
2021-05-14,1:30:00 PM,73.3721,103.0467,88.7568,,FY2021-22
2021-05-17,1:30:00 PM,73.2423,103.2682,88.8864,,FY2021-22
2021-05-18,1:30:00 PM,73.0353,103.5728,88.977,,FY2021-22
2021-05-19,1:30:00 PM,72.967,103.5027,89.3165,,FY2021-22
2021-05-20,1:30:00 PM,73.1168,103.2765,89.1255,,FY2021-22
2021-05-21,1:30:00 PM,73.0233,103.6103,89.3075,,FY2021-22
2021-05-24,1:30:00 PM,72.8961,103.201,88.8565,,FY2021-22
2021-05-25,1:30:00 PM,72.8045,103.3106,89.0666,,FY2021-22
2021-05-27,1:30:00 PM,72.6404,102.4641,88.5511,,FY2021-22
2021-05-28,1:30:00 PM,72.4767,102.7724,88.2307,,FY2021-22
2021-05-31,1:30:00 PM,72.5211,102.8678,88.4216,,FY2021-22
2021-06-01,1:30:00 PM,72.7714,103.4906,88.9587,,FY2021-22
2021-06-02,1:30:00 PM,73.2088,103.6324,89.4241,,FY2021-22
2021-06-03,1:30:00 PM,73.1197,103.4653,89.1407,,FY2021-22
2021-06-04,1:30:00 PM,73.0266,102.9636,88.4459,,FY2021-22
2021-06-07,1:30:00 PM,72.8087,102.7942,88.5087,,FY2021-22
2021-06-08,1:30:00 PM,72.8419,103.1349,88.7209,,FY2021-22
2021-06-09,1:30:00 PM,72.9769,103.3878,88.9068,,FY2021-22
2021-06-10,1:30:00 PM,72.9947,103.0121,88.8418,,FY2021-22
2021-06-11,1:30:00 PM,72.9844,103.5079,88.9831,,FY2021-22
2021-06-14,1:30:00 PM,73.1893,103.2316,88.5483,,FY2021-22
2021-06-15,1:30:00 PM,73.2765,103.421,88.9205,,FY2021-22
2021-06-16,1:30:00 PM,73.3703,103.3841,88.9825,,FY2021-22
2021-06-17,1:30:00 PM,73.731,103.1212,88.3646,,FY2021-22
2021-06-18,1:30:00 PM,74.1442,103.012,88.2583,,FY2021-22
2021-06-21,1:30:00 PM,74.1522,102.4541,88.0839,,FY2021-22
2021-06-22,1:30:00 PM,74.13,103.0684,88.2271,,FY2021-22
2021-06-23,1:30:00 PM,74.3737,103.7188,88.6966,,FY2021-22
2021-06-24,1:30:00 PM,74.2362,103.6417,88.5791,,FY2021-22
2021-06-25,1:30:00 PM,74.179,103.3002,88.5677,,FY2021-22
2021-06-28,1:30:00 PM,74.2023,103.1204,88.4996,,FY2021-22
2021-06-29,1:30:00 PM,74.2183,102.9141,88.4504,,FY2021-22
2021-06-30,1:30:00 PM,74.3456,102.9478,88.5035,,FY2021-22
2021-07-01,1:30:00 PM,74.3943,102.7301,88.0819,,FY2021-22
2021-07-02,1:30:00 PM,74.7747,102.8805,88.5323,,FY2021-22
2021-07-05,1:30:00 PM,74.393,102.9817,88.2604,,FY2021-22
2021-07-06,1:30:00 PM,74.3289,103.2518,88.3795,,FY2021-22
2021-07-07,1:30:00 PM,74.7438,103.2302,88.401,,FY2021-22
2021-07-08,1:30:00 PM,74.6979,102.8754,88.1231,,FY2021-22
2021-07-09,1:30:00 PM,74.6446,102.7478,88.2857,,FY2021-22
2021-07-12,1:30:00 PM,74.466,103.3906,88.3082,,FY2021-22
2021-07-13,1:30:00 PM,74.4884,103.4093,88.3522,,FY2021-22
2021-07-14,1:30:00 PM,74.5708,103.2294,87.9488,,FY2021-22
2021-07-15,1:30:00 PM,74.5187,103.2998,88.2227,,FY2021-22
2021-07-16,1:30:00 PM,74.6232,103.1402,88.1081,,FY2021-22
2021-07-19,1:30:00 PM,74.7902,102.8425,88.2719,,FY2021-22
2021-07-20,1:30:00 PM,74.8596,102.2313,88.2031,,FY2021-22
2021-07-22,1:30:00 PM,74.3679,102.1076,87.7219,,FY2021-22
2021-07-23,1:30:00 PM,74.4262,102.3787,87.6076,,FY2021-22
2021-07-26,1:30:00 PM,74.4578,102.3393,87.7019,,FY2021-22
2021-07-27,1:30:00 PM,74.416,102.7948,87.7791,,FY2021-22
2021-07-28,1:30:00 PM,74.435,103.3009,87.9678,,FY2021-22
2021-07-29,1:30:00 PM,74.2822,103.5108,88.0769,,FY2021-22
2021-07-30,1:30:00 PM,74.3871,103.7269,88.3882,,FY2021-22
2021-08-02,1:30:00 PM,74.4035,103.4531,88.3224,,FY2021-22
2021-08-03,1:30:00 PM,74.2957,103.2106,88.2207,,FY2021-22
2021-08-04,1:30:00 PM,74.1493,103.2816,88.0241,,FY2021-22
2021-08-05,1:30:00 PM,74.2644,103.0904,87.881,,FY2021-22
2021-08-06,1:30:00 PM,74.1888,103.2787,87.7327,,FY2021-22
2021-08-09,1:30:00 PM,74.2261,103.0036,87.3166,,FY2021-22
2021-08-10,1:30:00 PM,74.3855,102.9927,87.3201,,FY2021-22
2021-08-11,1:30:00 PM,74.4276,102.9091,87.1686,,FY2021-22
2021-08-12,1:30:00 PM,74.2816,103.0068,87.1997,,FY2021-22
2021-08-13,1:30:00 PM,74.2971,102.5691,87.1931,,FY2021-22
2021-08-17,1:30:00 PM,74.2856,102.6152,87.403,,FY2021-22
2021-08-18,1:30:00 PM,74.3002,102.1212,87.0833,,FY2021-22
2021-08-20,1:30:00 PM,74.4275,101.3613,86.9417,,FY2021-22
2021-08-23,1:30:00 PM,74.2765,101.4454,87.0105,,FY2021-22
2021-08-24,1:30:00 PM,74.1379,101.8833,87.0735,,FY2021-22
2021-08-25,1:30:00 PM,74.2992,101.9306,87.2436,,FY2021-22
2021-08-26,1:30:00 PM,74.2578,102.0639,87.345,,FY2021-22
2021-08-27,1:30:00 PM,74.1332,101.5674,87.1984,,FY2021-22
2021-08-30,1:30:00 PM,73.5007,101.2085,86.7347,,FY2021-22
2021-08-31,1:30:00 PM,73.1536,100.951,86.5324,,FY2021-22
2021-09-01,1:30:00 PM,72.9589,100.3448,86.0682,,FY2021-22
2021-09-02,1:30:00 PM,72.9771,100.5756,86.4195,,FY2021-22
2021-09-03,1:30:00 PM,73.0651,101.0929,86.7911,,FY2021-22
2021-09-06,1:30:00 PM,73.0589,101.1802,86.7448,,FY2021-22
2021-09-07,1:30:00 PM,73.2814,101.3448,86.9914,,FY2021-22
2021-09-08,1:30:00 PM,73.6519,101.3769,87.1533,,FY2021-22
2021-09-09,1:30:00 PM,73.6887,101.49,87.1266,,FY2021-22
2021-09-13,1:30:00 PM,73.635,101.769,86.797,,FY2021-22
2021-09-14,1:30:00 PM,73.6214,101.9759,86.994,,FY2021-22
2021-09-15,1:30:00 PM,73.6712,101.8121,86.9738,,FY2021-22
2021-09-16,1:30:00 PM,73.4311,101.5209,86.681,,FY2021-22
2021-09-17,1:30:00 PM,73.4927,101.3812,86.521,,FY2021-22
2021-09-20,1:30:00 PM,73.6459,100.9199,86.2757,,FY2021-22
2021-09-21,1:30:00 PM,73.5907,100.6721,86.367,,FY2021-22
2021-09-22,1:30:00 PM,73.8026,100.7602,86.5262,,FY2021-22
2021-09-23,1:30:00 PM,73.7261,100.6597,86.377,,FY2021-22
2021-09-24,1:30:00 PM,73.6935,101.1198,86.469,,FY2021-22
2021-09-27,1:30:00 PM,73.6567,100.6499,86.306,,FY2021-22
2021-09-28,1:30:00 PM,73.7746,101.1258,86.2814,,FY2021-22
2021-09-29,1:30:00 PM,74.153,100.461,86.6255,,FY2021-22
2021-09-30,1:30:00 PM,74.2551,99.8647,86.1379,,FY2021-22
2021-10-01,1:30:00 PM,74.2644,99.893,85.9942,,FY2021-22
2021-10-04,1:30:00 PM,74.2429,100.563,86.1153,,FY2021-22
2021-10-05,1:30:00 PM,74.5307,101.3081,86.4263,,FY2021-22
2021-10-06,1:30:00 PM,74.6292,101.5489,86.4331,,FY2021-22
2021-10-07,1:30:00 PM,74.8607,101.6943,86.4995,,FY2021-22
2021-10-08,1:30:00 PM,74.994,102.0048,86.5981,,FY2021-22
2021-10-11,1:30:00 PM,75.1283,102.7059,87.0371,,FY2021-22
2021-10-12,1:30:00 PM,75.3424,102.4928,87.1476,,FY2021-22
2021-10-13,1:30:00 PM,75.4576,102.7074,87.153,,FY2021-22
2021-10-14,1:30:00 PM,75.3039,103.0213,87.3234,,FY2021-22
2021-10-18,1:30:00 PM,75.3434,103.4314,87.2035,,FY2021-22
2021-10-20,1:30:00 PM,75.0507,103.4614,87.36,,FY2021-22
2021-10-21,1:30:00 PM,74.7635,103.2977,87.1359,,FY2021-22
2021-10-22,1:30:00 PM,74.7836,103.1555,87.0137,,FY2021-22
2021-10-25,1:30:00 PM,75.0191,103.2993,87.4173,,FY2021-22
2021-10-26,1:30:00 PM,75.1167,103.4367,87.1754,,FY2021-22
2021-10-27,1:30:00 PM,74.9519,103.1598,86.9302,,FY2021-22
2021-10-28,1:30:00 PM,74.8216,102.8378,86.8275,,FY2021-22
2021-10-29,1:30:00 PM,74.7858,103.1097,87.2616,,FY2021-22
2021-11-01,1:30:00 PM,74.9298,102.484,86.5994,,FY2021-22
2021-11-02,1:30:00 PM,74.7616,102.0152,86.7464,,FY2021-22
2021-11-03,1:30:00 PM,74.5684,101.6457,86.3726,,FY2021-22
2021-11-08,1:30:00 PM,74.1106,99.9703,85.7079,,FY2021-22
2021-11-09,1:30:00 PM,73.9191,100.3452,85.7782,,FY2021-22
2021-11-10,1:30:00 PM,74.1659,100.5072,85.8713,,FY2021-22
2021-11-11,1:30:00 PM,74.4749,99.9925,85.5091,,FY2021-22
2021-11-12,1:30:00 PM,74.4694,99.5646,85.2238,,FY2021-22
2021-11-15,1:30:00 PM,74.3548,99.8684,85.1878,,FY2021-22
2021-11-16,1:30:00 PM,74.4535,99.935,84.6988,,FY2021-22
2021-11-17,1:30:00 PM,74.3753,99.9659,84.0843,,FY2021-22
2021-11-18,1:30:00 PM,74.1552,100.0482,83.919,,FY2021-22
2021-11-22,1:30:00 PM,74.3836,99.982,83.8645,,FY2021-22
2021-11-23,1:30:00 PM,74.5042,99.7283,83.7104,,FY2021-22
2021-11-24,1:30:00 PM,74.4063,99.5502,83.6486,,FY2021-22
2021-11-25,1:30:00 PM,74.5068,99.4646,83.5619,,FY2021-22
2021-11-26,1:30:00 PM,74.7148,99.3607,83.8504,,FY2021-22
2021-11-29,1:30:00 PM,75.091,100.1399,84.7092,,FY2021-22
2021-11-30,1:30:00 PM,75.0885,99.9863,84.9366,,FY2021-22
2021-12-01,1:30:00 PM,74.9163,99.8554,84.9166,,FY2021-22
2021-12-02,1:30:00 PM,74.9989,99.656,84.9243,,FY2021-22
2021-12-03,1:30:00 PM,74.9852,99.6678,84.6888,,FY2021-22
2021-12-06,1:30:00 PM,75.2978,99.6044,84.964,,FY2021-22
2021-12-07,1:30:00 PM,75.3532,100.1193,85.0989,,FY2021-22
2021-12-08,1:30:00 PM,75.4733,99.9991,85.2114,,FY2021-22
2021-12-09,1:30:00 PM,75.4992,99.7702,85.5602,,FY2021-22
2021-12-10,1:30:00 PM,75.7189,100.1211,85.5518,,FY2021-22
2021-12-13,1:30:00 PM,75.706,100.1843,85.4564,,FY2021-22
2021-12-14,1:30:00 PM,75.8985,100.2908,85.6251,,FY2021-22
2021-12-15,1:30:00 PM,76.0433,100.6925,85.7094,,FY2021-22
2021-12-16,1:30:00 PM,76.2528,101.0202,86.0681,,FY2021-22
2021-12-17,1:30:00 PM,76.1733,101.5487,86.3927,,FY2021-22
2021-12-20,1:30:00 PM,75.9865,100.4699,85.5172,,FY2021-22
2021-12-21,1:30:00 PM,75.5925,99.902,85.2497,,FY2021-22
2021-12-22,1:30:00 PM,75.5947,100.1756,85.2109,,FY2021-22
2021-12-23,1:30:00 PM,75.3481,100.5993,85.4216,,FY2021-22
2021-12-24,1:30:00 PM,75.1462,100.6553,85.1331,,FY2021-22
2021-12-27,1:30:00 PM,75.1082,100.6325,84.9819,,FY2021-22
2021-12-28,1:30:00 PM,74.8528,100.5548,84.7803,,FY2021-22
2021-12-29,1:30:00 PM,74.7375,100.3336,84.4798,,FY2021-22
2021-12-30,1:30:00 PM,74.5823,100.5265,84.4321,,FY2021-22
2021-12-31,1:30:00 PM,74.3025,100.3014,84.045,,FY2021-22
2022-01-03,1:30:00 PM,74.3115,100.3592,84.3049,,FY2021-22
2022-01-04,1:30:00 PM,74.5717,100.3939,84.2431,,FY2021-22
2022-01-05,1:30:00 PM,74.484,100.7739,84.1247,,FY2021-22
2022-01-06,1:30:00 PM,74.4398,100.6838,84.1467,,FY2021-22
2022-01-07,1:30:00 PM,74.2939,100.6123,83.966,,FY2021-22
2022-01-10,1:30:00 PM,74.163,100.7213,84.0232,,FY2021-22
2022-01-11,1:30:00 PM,73.9319,100.4813,83.8472,,FY2021-22
2022-01-12,1:30:00 PM,73.9968,100.9588,84.161,,FY2021-22
2022-01-13,1:30:00 PM,73.9348,101.3478,84.5952,,FY2021-22
2022-01-14,1:30:00 PM,74.1157,101.788,85.0749,,FY2021-22
2022-01-17,1:30:00 PM,74.3134,101.6107,84.8188,,FY2021-22
2022-01-18,1:30:00 PM,74.4115,101.471,84.7944,,FY2021-22
2022-01-19,1:30:00 PM,74.5955,101.514,84.5336,,FY2021-22
2022-01-20,1:30:00 PM,74.3618,101.3422,84.4091,,FY2021-22
2022-01-21,1:30:00 PM,74.5343,101.303,84.426,,FY2021-22
2022-01-24,1:30:00 PM,74.5788,100.9886,84.4093,,FY2021-22
2022-01-25,1:30:00 PM,74.7025,100.7035,84.484,,FY2021-22
2022-01-27,1:30:00 PM,75.1724,100.9315,84.3449,,FY2021-22
2022-01-28,1:30:00 PM,74.9513,100.5157,83.5977,,FY2021-22
2022-01-31,1:30:00 PM,74.9674,100.6332,83.7026,,FY2021-22
2022-02-01,1:30:00 PM,74.5295,100.2501,83.7662,,FY2021-22
2022-02-02,1:30:00 PM,74.8334,101.1947,84.3617,,FY2021-22
2022-02-03,1:30:00 PM,74.857,101.4627,84.5575,,FY2021-22
2022-02-04,1:30:00 PM,74.7231,101.5477,85.6098,,FY2021-22
2022-02-08,1:30:00 PM,74.69,100.9878,85.2786,,FY2021-22
2022-02-09,1:30:00 PM,74.818,101.4258,85.4531,,FY2021-22
2022-02-10,1:30:00 PM,74.9367,101.4103,85.5992,,FY2021-22
2022-02-11,1:30:00 PM,75.3542,101.8985,85.7405,,FY2021-22
2022-02-14,1:30:00 PM,75.5533,102.3067,85.7263,,FY2021-22
2022-02-15,1:30:00 PM,75.6611,102.376,85.6201,,FY2021-22
2022-02-16,1:30:00 PM,75.0815,101.7565,85.2776,,FY2021-22
2022-02-17,1:30:00 PM,75.0866,101.9516,85.2568,,FY2021-22
2022-02-18,1:30:00 PM,74.9223,101.9653,85.1627,,FY2021-22
2022-02-21,1:30:00 PM,74.4797,101.4463,84.6636,,FY2021-22
2022-02-22,1:30:00 PM,74.8804,101.7904,84.6298,,FY2021-22
2022-02-23,1:30:00 PM,74.6224,101.4531,84.5253,,FY2021-22
2022-02-24,1:30:00 PM,75.2578,101.6347,84.6414,,FY2021-22
2022-02-25,1:30:00 PM,75.2842,101.0299,84.3785,,FY2021-22
2022-02-28,1:30:00 PM,75.4882,100.9207,84.2614,,FY2021-22
2022-03-02,1:30:00 PM,75.72,100.6899,84.1007,,FY2021-22
2022-03-03,1:30:00 PM,75.7111,101.4948,84.0348,,FY2021-22
2022-03-04,1:30:00 PM,76.1246,101.5741,83.9538,,FY2021-22
2022-03-07,1:30:00 PM,76.9239,101.6636,83.7091,,FY2021-22
2022-03-08,1:30:00 PM,76.8816,100.78,83.4806,,FY2021-22
2022-03-09,1:30:00 PM,76.8567,100.8078,83.908,,FY2021-22
2022-03-10,1:30:00 PM,76.116,100.3189,84.1838,,FY2021-22
2022-03-11,1:30:00 PM,76.4359,100.0658,84.0851,,FY2021-22
2022-03-14,1:30:00 PM,76.6086,99.7582,83.6551,,FY2021-22
2022-03-15,1:30:00 PM,76.4879,99.7142,83.9801,,FY2021-22
2022-03-16,1:30:00 PM,76.3482,99.6324,83.7906,,FY2021-22
2022-03-17,1:30:00 PM,75.8935,99.8349,83.6549,,FY2021-22
2022-03-21,1:30:00 PM,76.1347,100.174,84.0796,,FY2021-22
2022-03-22,1:30:00 PM,76.3807,100.2792,83.8986,,FY2021-22
2022-03-23,1:30:00 PM,76.1872,101.1766,84.0883,,FY2021-22
2022-03-24,1:30:00 PM,76.3403,100.7142,83.8323,,FY2021-22
2022-03-25,1:30:00 PM,76.1781,100.68,84.0067,,FY2021-22
2022-03-28,1:30:00 PM,76.2569,100.2677,83.5821,,FY2021-22
2022-03-29,1:30:00 PM,75.9731,99.5602,83.6099,,FY2021-22
2022-03-30,1:30:00 PM,75.7678,99.4609,84.2391,,FY2021-22
2022-03-31,1:30:00 PM,75.8071,99.5524,84.6599,,FY2021-22
2022-04-04,1:30:00 PM,75.5565,99.1508,83.4239,,FY2022-23
2022-04-05,1:30:00 PM,75.3899,98.9462,82.6932,,FY2022-23
2022-04-06,1:30:00 PM,75.6016,98.7357,82.2802,,FY2022-23
2022-04-07,1:30:00 PM,75.8029,99.2214,82.8132,,FY2022-23
2022-04-08,1:30:00 PM,75.7811,98.8913,82.3149,,FY2022-23
2022-04-11,1:30:00 PM,75.9627,98.6983,82.6383,,FY2022-23
2022-04-12,1:30:00 PM,76.1127,99.0115,82.6909,,FY2022-23
2022-04-13,1:30:00 PM,76.2248,99.1466,82.584,,FY2022-23
2022-04-18,1:30:00 PM,76.3737,99.4829,82.4622,,FY2022-23
2022-04-19,1:30:00 PM,76.2797,99.1423,82.1675,,FY2022-23
2022-04-20,1:30:00 PM,76.4183,99.5766,82.6224,,FY2022-23
2022-04-21,1:30:00 PM,76.2091,99.5296,82.7824,,FY2022-23
2022-04-22,1:30:00 PM,76.3279,99.3041,82.7735,,FY2022-23
2022-04-25,1:30:00 PM,76.7366,97.8535,82.2673,,FY2022-23
2022-04-26,1:30:00 PM,76.5612,97.538,82.0103,,FY2022-23
2022-04-27,1:30:00 PM,76.6414,96.4767,81.4509,,FY2022-23
2022-04-28,1:30:00 PM,76.6167,96.0191,80.6003,,FY2022-23
2022-04-29,1:30:00 PM,76.4242,95.7086,80.5807,,FY2022-23
2022-05-02,1:30:00 PM,76.4346,95.9529,80.4189,,FY2022-23
2022-05-04,1:30:00 PM,76.4841,95.4318,80.4567,,FY2022-23
2022-05-05,1:30:00 PM,76.0887,95.5649,80.7398,,FY2022-23
2022-05-06,1:30:00 PM,76.747,94.7948,80.7118,,FY2022-23
2022-05-09,1:30:00 PM,77.3679,95.0052,81.3106,,FY2022-23
2022-05-10,1:30:00 PM,77.3537,95.5839,81.7464,,FY2022-23
2022-05-11,1:30:00 PM,77.2641,95.3413,81.4688,,FY2022-23
2022-05-12,1:30:00 PM,77.5868,94.6259,81.4537,,FY2022-23
2022-05-13,1:30:00 PM,77.3543,94.4584,80.3629,,FY2022-23
2022-05-17,1:30:00 PM,77.651,96.0444,81.2028,,FY2022-23
2022-05-18,1:30:00 PM,77.5716,96.6284,81.6576,,FY2022-23
2022-05-19,1:30:00 PM,77.6999,95.9376,81.4264,,FY2022-23
2022-05-20,1:30:00 PM,77.5829,96.8338,82.137,,FY2022-23
2022-05-23,1:30:00 PM,77.589,97.5268,82.2816,,FY2022-23
2022-05-24,1:30:00 PM,77.6352,97.6366,82.8419,,FY2022-23
2022-05-25,1:30:00 PM,77.5137,97.2709,82.9381,,FY2022-23
2022-05-26,1:30:00 PM,77.6262,97.5001,82.8277,,FY2022-23
2022-05-27,1:30:00 PM,77.6592,98.1069,83.4883,,FY2022-23
2022-05-30,1:30:00 PM,77.5115,98.003,83.4132,,FY2022-23
2022-05-31,1:30:00 PM,77.6641,97.8676,83.4107,,FY2022-23
2022-06-01,1:30:00 PM,77.5554,97.6164,83.082,,FY2022-23
2022-06-02,1:30:00 PM,77.5883,96.9445,82.7541,,FY2022-23
2022-06-03,1:30:00 PM,77.5994,97.5787,83.4535,,FY2022-23
2022-06-06,1:30:00 PM,77.6718,97.1115,83.2823,,FY2022-23
2022-06-07,1:30:00 PM,77.7239,96.7321,82.9661,,FY2022-23
2022-06-08,1:30:00 PM,77.7251,97.701,83.098,,FY2022-23
2022-06-09,1:30:00 PM,77.787,97.3582,83.342,,FY2022-23
2022-06-10,1:30:00 PM,77.84,97.2341,82.6879,,FY2022-23
2022-06-13,1:30:00 PM,78.143,95.8163,81.9439,,FY2022-23
2022-06-14,1:30:00 PM,78.0015,94.9866,81.368,,FY2022-23
2022-06-15,1:30:00 PM,78.0755,93.9456,81.8096,,FY2022-23
2022-06-16,1:30:00 PM,78.0864,94.7943,81.4275,,FY2022-23
2022-06-17,1:30:00 PM,78.0875,95.8909,82.1038,,FY2022-23
2022-06-20,1:30:00 PM,77.996,95.4406,82.1319,,FY2022-23
2022-06-21,1:30:00 PM,78.0861,95.6784,82.1289,,FY2022-23
2022-06-22,1:30:00 PM,78.2115,95.6657,82.0981,,FY2022-23
2022-06-23,1:30:00 PM,78.2662,95.8453,82.6872,,FY2022-23
2022-06-24,1:30:00 PM,78.3308,96.1286,82.5633,,FY2022-23
2022-06-27,1:30:00 PM,78.289,96.0784,82.6706,,FY2022-23
2022-06-28,1:30:00 PM,78.6966,96.5807,83.2694,,FY2022-23
2022-06-29,1:30:00 PM,78.9376,96.2476,82.8408,,FY2022-23
2022-06-30,1:30:00 PM,78.9421,95.9557,82.5803,,FY2022-23
2022-07-01,1:30:00 PM,79.094,95.9563,82.7392,,FY2022-23
2022-07-04,1:30:00 PM,78.9866,95.6238,82.3978,,FY2022-23
2022-07-05,1:30:00 PM,79.079,95.8,82.5147,,FY2022-23
2022-07-06,1:30:00 PM,79.332,94.6928,81.3766,,FY2022-23
2022-07-07,1:30:00 PM,79.0235,94.4004,80.6846,,FY2022-23
2022-07-08,1:30:00 PM,79.2499,95.1263,80.5834,,FY2022-23
2022-07-11,1:30:00 PM,79.4098,95.0445,80.4988,,FY2022-23
2022-07-12,1:30:00 PM,79.6401,94.4935,79.8259,,FY2022-23
2022-07-13,1:30:00 PM,79.6592,94.889,79.9497,,FY2022-23
2022-07-14,1:30:00 PM,79.871,94.6131,80.0078,,FY2022-23
2022-07-15,1:30:00 PM,79.8797,94.4034,80.0134,,FY2022-23
2022-07-18,1:30:00 PM,79.8958,95.0446,80.6607,,FY2022-23
2022-07-19,1:30:00 PM,79.9478,95.7364,81.1939,,FY2022-23
2022-07-20,1:30:00 PM,79.9738,96.0229,81.8415,,FY2022-23
2022-07-21,1:30:00 PM,79.9763,95.9332,81.6889,,FY2022-23
2022-07-22,1:30:00 PM,79.9101,95.5879,81.4572,,FY2022-23
2022-07-25,1:30:00 PM,79.8488,95.5769,81.4458,,FY2022-23
2022-07-26,1:30:00 PM,79.7948,96.2182,81.5636,,FY2022-23
2022-07-27,1:30:00 PM,79.8967,96.2633,80.979,,FY2022-23
2022-07-28,1:30:00 PM,79.7434,97.0642,81.5435,,FY2022-23
2022-07-29,1:30:00 PM,79.4203,96.8986,81.1675,,FY2022-23
2022-08-01,1:30:00 PM,79.169,96.4247,80.8991,,FY2022-23
2022-08-02,1:30:00 PM,78.6082,96.1667,80.5881,,FY2022-23
2022-08-03,1:30:00 PM,78.8427,95.9847,80.2198,,FY2022-23
2022-08-04,1:30:00 PM,79.5427,96.6009,80.87,,FY2022-23
2022-08-05,1:30:00 PM,79.1158,96.0677,80.9149,,FY2022-23
2022-08-08,1:30:00 PM,79.5785,96.1032,81.0279,,FY2022-23
2022-08-10,1:30:00 PM,79.5033,95.9695,81.1522,,FY2022-23
2022-08-11,1:30:00 PM,79.4881,97.0322,81.8452,,FY2022-23
2022-08-12,1:30:00 PM,79.7011,97.2837,82.2175,,FY2022-23
2022-08-17,1:30:00 PM,79.4335,96.1839,80.768,,FY2022-23
2022-08-18,1:30:00 PM,79.6667,95.744,80.9658,,FY2022-23
2022-08-19,1:30:00 PM,79.7528,94.9819,80.4179,,FY2022-23
2022-08-22,1:30:00 PM,79.8703,94.4259,80.1062,,FY2022-23
2022-08-23,1:30:00 PM,79.8903,93.828,79.2517,,FY2022-23
2022-08-24,1:30:00 PM,79.7927,94.2229,79.3352,,FY2022-23
2022-08-25,1:30:00 PM,79.8705,94.6135,79.9962,,FY2022-23
2022-08-26,1:30:00 PM,79.9097,94.3371,79.6236,,FY2022-23
2022-08-29,1:30:00 PM,80.0906,93.4801,79.6085,,FY2022-23
2022-08-30,1:30:00 PM,79.7194,93.3546,79.712,,FY2022-23
2022-09-01,1:30:00 PM,79.397,92.0121,79.5494,,FY2022-23
2022-09-02,1:30:00 PM,79.7888,92.072,79.5292,,FY2022-23
2022-09-05,1:30:00 PM,79.8936,91.5671,79.0483,,FY2022-23
2022-09-06,1:30:00 PM,79.8893,92.4569,79.549,,FY2022-23
2022-09-07,1:30:00 PM,79.922,91.7291,79.07,,FY2022-23
2022-09-08,1:30:00 PM,79.6712,91.7483,79.7551,,FY2022-23
2022-09-09,1:30:00 PM,79.6358,92.3467,80.1832,,FY2022-23
2022-09-12,1:30:00 PM,79.6776,92.5742,80.3671,,FY2022-23
2022-09-13,1:30:00 PM,79.064,92.6809,80.2268,,FY2022-23
2022-09-14,1:30:00 PM,79.5837,91.4024,79.3391,,FY2022-23
2022-09-15,1:30:00 PM,79.583,91.6186,79.2726,,FY2022-23
2022-09-16,1:30:00 PM,79.818,91.232,79.7164,,FY2022-23
2022-09-19,1:30:00 PM,79.6657,90.8258,79.5244,,FY2022-23
2022-09-20,1:30:00 PM,79.6778,91.1647,79.9498,,FY2022-23
2022-09-21,1:30:00 PM,79.9226,90.823,79.4079,,FY2022-23
2022-09-22,1:30:00 PM,80.7246,90.6387,79.2608,,FY2022-23
2022-09-23,1:30:00 PM,80.9165,90.9156,79.5064,,FY2022-23
2022-09-26,1:30:00 PM,81.575,86.6153,78.7095,,FY2022-23
2022-09-27,1:30:00 PM,81.372,87.93,78.5837,,FY2022-23
2022-09-28,1:30:00 PM,81.9005,87.4681,78.3444,,FY2022-23
2022-09-29,1:30:00 PM,81.8633,88.2115,79.0952,,FY2022-23
2022-09-30,1:30:00 PM,81.5522,90.7703,80.1093,,FY2022-23
2022-10-03,1:30:00 PM,81.7417,91.8106,80.2409,,FY2022-23
2022-10-04,1:30:00 PM,81.4267,92.4714,80.2677,,FY2022-23
2022-10-06,1:30:00 PM,81.7044,92.5221,80.9603,,FY2022-23
2022-10-07,1:30:00 PM,82.4,91.6942,80.546,,FY2022-23
2022-10-10,1:30:00 PM,82.4028,91.3254,80.1554,,FY2022-23
2022-10-11,1:30:00 PM,82.3901,90.8252,79.7855,,FY2022-23
2022-10-12,1:30:00 PM,82.2411,90.4126,79.9718,,FY2022-23
2022-10-13,1:30:00 PM,82.4013,91.2001,79.921,,FY2022-23
2022-10-14,1:30:00 PM,82.3877,93.3277,80.6845,,FY2022-23
2022-10-17,1:30:00 PM,82.4047,92.9976,80.2935,,FY2022-23
2022-10-18,1:30:00 PM,82.2279,93.3627,81.0153,,FY2022-23
2022-10-19,1:30:00 PM,82.3735,93.0974,81.0121,,FY2022-23
2022-10-20,1:30:00 PM,83.2042,93.3618,81.4192,,FY2022-23
2022-10-21,1:30:00 PM,82.8619,92.6606,80.9251,,FY2022-23
2022-10-25,1:30:00 PM,82.7626,93.4075,81.6988,,FY2022-23
2022-10-27,1:30:00 PM,82.3889,95.6228,82.9063,,FY2022-23
2022-10-28,1:30:00 PM,82.4092,95.1129,82.1405,,FY2022-23
2022-10-31,1:30:00 PM,82.3934,95.5351,81.9232,,FY2022-23
2022-11-01,1:30:00 PM,82.7126,95.4382,82.1435,,FY2022-23
2022-11-02,1:30:00 PM,82.765,95.2156,81.7856,,FY2022-23
2022-11-03,1:30:00 PM,82.8835,94.4369,81.3645,,FY2022-23
2022-11-04,1:30:00 PM,82.5287,92.5928,80.7191,,FY2022-23
2022-11-07,1:30:00 PM,82.2112,93.1327,81.7579,,FY2022-23
2022-11-09,1:30:00 PM,81.48,93.9817,81.9759,,FY2022-23
2022-11-10,1:30:00 PM,81.7421,93.1827,82.0069,,FY2022-23
2022-11-11,1:30:00 PM,80.6483,94.4929,82.4661,,FY2022-23
2022-11-14,1:30:00 PM,81.2332,95.5059,83.7455,,FY2022-23
2022-11-15,1:30:00 PM,81.428,95.8929,84.1309,,FY2022-23
2022-11-16,1:30:00 PM,81.3354,96.5836,84.4115,,FY2022-23
2022-11-17,1:30:00 PM,81.6335,97.1945,84.7726,,FY2022-23
2022-11-18,1:30:00 PM,81.6975,97.2271,84.7078,,FY2022-23
2022-11-21,1:30:00 PM,81.7732,96.7731,84.0819,,FY2022-23
2022-11-22,1:30:00 PM,81.7742,96.8828,83.8611,,FY2022-23
2022-11-23,1:30:00 PM,81.8165,97.2635,84.4924,,FY2022-23
2022-11-24,1:30:00 PM,81.7655,98.842,85.3125,,FY2022-23
2022-11-25,1:30:00 PM,81.5289,98.6576,84.8732,,FY2022-23
2022-11-28,1:30:00 PM,81.7545,98.688,84.7881,,FY2022-23
2022-11-29,1:30:00 PM,81.7121,98.0665,84.8248,,FY2022-23
2022-11-30,1:30:00 PM,81.597,97.7543,84.4507,,FY2022-23
2022-12-01,1:30:00 PM,81.1512,98.167,84.7467,,FY2022-23
2022-12-02,1:30:00 PM,81.1771,99.3099,85.4643,,FY2022-23
2022-12-05,1:30:00 PM,81.5855,100.584,86.2718,,FY2022-23
2022-12-06,1:30:00 PM,82.28,100.2,86.2558,,FY2022-23
2022-12-07,1:30:00 PM,82.5391,100.0088,86.282,,FY2022-23
2022-12-08,1:30:00 PM,82.2844,100.4045,86.5171,,FY2022-23
2022-12-09,1:30:00 PM,82.2092,100.8241,86.9313,,FY2022-23
2022-12-12,1:30:00 PM,82.6425,101.0272,86.8854,,FY2022-23
2022-12-13,1:30:00 PM,82.7154,101.6302,87.2835,,FY2022-23
2022-12-14,1:30:00 PM,82.517,102.0295,87.7695,,FY2022-23
2022-12-15,1:30:00 PM,82.4822,102.2306,87.9046,,FY2022-23
2022-12-16,1:30:00 PM,82.8184,101.1903,88.2629,,FY2022-23
2022-12-19,1:30:00 PM,82.6405,100.6473,87.767,,FY2022-23
2022-12-20,1:30:00 PM,82.7902,100.4466,87.746,,FY2022-23
2022-12-21,1:30:00 PM,82.7736,100.6693,87.8443,,FY2022-23
2022-12-22,1:30:00 PM,82.6679,100.247,88.0226,,FY2022-23
2022-12-23,1:30:00 PM,82.8685,99.7654,87.9025,,FY2022-23
2022-12-26,1:30:00 PM,82.7373,99.897,87.9415,,FY2022-23
2022-12-27,1:30:00 PM,82.7936,100.0958,88.2276,,FY2022-23
2022-12-28,1:30:00 PM,82.9183,99.7679,88.2986,,FY2022-23
2022-12-29,1:30:00 PM,82.8346,99.7213,88.004,,FY2022-23
2022-12-30,1:30:00 PM,82.7862,99.7436,88.1496,,FY2022-23
2023-01-02,1:30:00 PM,82.6287,99.7576,88.3753,,FY2022-23
2023-01-03,1:30:00 PM,82.7817,99.9131,88.2508,,FY2022-23
2023-01-04,1:30:00 PM,82.9052,99.3829,87.6546,,FY2022-23
2023-01-05,1:30:00 PM,82.6973,99.6238,87.7992,,FY2022-23
2023-01-06,1:30:00 PM,82.6348,98.4731,86.9235,,FY2022-23
2023-01-09,1:30:00 PM,82.3662,100.0387,87.9528,,FY2022-23
2023-01-10,1:30:00 PM,82.2108,100.0555,88.2829,,FY2022-23
2023-01-11,1:30:00 PM,81.7029,99.439,87.8551,,FY2022-23
2023-01-12,1:30:00 PM,81.7187,99.2425,87.9566,,FY2022-23
2023-01-13,1:30:00 PM,81.4328,99.2764,88.2628,,FY2022-23
2023-01-16,1:30:00 PM,81.3719,99.7272,88.346,,FY2022-23
2023-01-17,1:30:00 PM,81.7727,99.7649,88.5626,,FY2022-23
2023-01-18,1:30:00 PM,81.648,100.3361,88.0574,,FY2022-23
2023-01-19,1:30:00 PM,81.3577,100.4062,87.8848,,FY2022-23
2023-01-20,1:30:00 PM,81.2196,100.5352,87.9884,,FY2022-23
2023-01-23,1:30:00 PM,81.2757,100.8978,88.5401,,FY2022-23
2023-01-24,1:30:00 PM,81.602,101.0951,88.7841,,FY2022-23
2023-01-25,1:30:00 PM,81.6263,100.6523,89.0135,,FY2022-23
2023-01-27,1:30:00 PM,81.5445,100.9592,88.6584,,FY2022-23
2023-01-30,1:30:00 PM,81.6552,101.1915,88.7331,,FY2022-23
2023-01-31,1:30:00 PM,81.7387,100.8983,88.5982,,FY2022-23
2023-02-01,1:30:00 PM,81.8494,100.839,88.9938,,FY2022-23
2023-02-02,1:30:00 PM,81.9536,101.534,90.2555,,FY2022-23
2023-02-03,1:30:00 PM,82.2296,100.4813,89.5985,,FY2022-23
2023-02-06,1:30:00 PM,82.454,99.4901,89.0069,,FY2022-23
2023-02-07,1:30:00 PM,82.6959,99.6706,88.8204,,FY2022-23
2023-02-08,1:30:00 PM,82.6746,99.6152,88.7561,,FY2022-23
2023-02-09,1:30:00 PM,82.6103,99.8918,88.7014,,FY2022-23
2023-02-10,1:30:00 PM,82.5787,99.9615,88.5668,,FY2022-23
2023-02-13,1:30:00 PM,82.7046,99.7241,88.3109,,FY2022-23
2023-02-14,1:30:00 PM,82.7163,100.4303,88.8081,,FY2022-23
2023-02-15,1:30:00 PM,82.8621,100.5869,88.7276,,FY2022-23
2023-02-16,1:30:00 PM,82.6414,99.4936,88.4494,,FY2022-23
2023-02-17,1:30:00 PM,82.8085,98.854,88.058,,FY2022-23
2023-02-20,1:30:00 PM,82.6902,99.5739,88.4102,,FY2022-23
2023-02-21,1:30:00 PM,82.7562,99.5579,88.3202,,FY2022-23
2023-02-22,1:30:00 PM,82.8434,100.2803,88.2818,,FY2022-23
2023-02-23,1:30:00 PM,82.7628,99.8517,87.9178,,FY2022-23
2023-02-24,1:30:00 PM,82.7432,99.4937,87.7045,,FY2022-23
2023-02-27,1:30:00 PM,82.9145,99.0121,87.4085,,FY2022-23
2023-02-28,1:30:00 PM,82.6816,99.601,87.5471,,FY2022-23
2023-03-01,1:30:00 PM,82.5467,99.4732,87.4995,,FY2022-23
2023-03-02,1:30:00 PM,82.5555,98.9532,87.8302,,FY2022-23
2023-03-03,1:30:00 PM,82.2643,98.5208,87.3241,,FY2022-23
2023-03-06,1:30:00 PM,81.7448,98.3161,86.9688,,FY2022-23
2023-03-08,1:30:00 PM,82.089,97.0642,86.4769,,FY2022-23
2023-03-09,1:30:00 PM,81.9159,97.1086,86.4213,,FY2022-23
2023-03-10,1:30:00 PM,82.0147,97.7927,86.8366,,FY2022-23
2023-03-13,1:30:00 PM,81.9132,99.2215,87.8393,,FY2022-23
2023-03-14,1:30:00 PM,82.3619,100.1845,88.1047,,FY2022-23
2023-03-15,1:30:00 PM,82.4955,100.2485,88.5452,,FY2022-23
2023-03-16,1:30:00 PM,82.6841,99.8063,87.6672,,FY2022-23
2023-03-17,1:30:00 PM,82.4663,100.2477,87.809,,FY2022-23
2023-03-20,1:30:00 PM,82.503,100.4672,88.0109,,FY2022-23
2023-03-21,1:30:00 PM,82.6799,101.2812,88.5237,,FY2022-23
2023-03-23,1:30:00 PM,82.159,101.2725,89.6262,,FY2022-23
2023-03-24,1:30:00 PM,82.2378,100.9836,89.0624,,FY2022-23
2023-03-27,1:30:00 PM,82.3558,100.6761,88.5786,,FY2022-23
2023-03-28,1:30:00 PM,82.2068,101.2536,88.8968,,FY2022-23
2023-03-29,1:30:00 PM,82.3603,101.4306,89.1709,,FY2022-23
2023-03-31,1:30:00 PM,82.2169,101.8728,89.6076,,FY2022-23
2023-04-03,1:30:00 PM,82.3867,101.2412,89.0496,,FY2023-24
2023-04-05,1:30:00 PM,82.1892,102.6061,90.0109,,FY2023-24
2023-04-06,1:30:00 PM,81.9753,102.0806,89.3411,,FY2023-24
2023-04-10,1:30:00 PM,81.9105,101.6411,89.2966,,FY2023-24
2023-04-11,1:30:00 PM,82.0881,101.9003,89.4016,,FY2023-24
2023-04-12,1:30:00 PM,82.0712,102.0134,89.6398,,FY2023-24
2023-04-13,1:30:00 PM,81.9755,102.3705,90.0561,,FY2023-24
2023-04-17,1:30:00 PM,81.9456,101.7469,90.0402,,FY2023-24
2023-04-18,1:30:00 PM,82.0734,101.7705,89.7702,,FY2023-24
2023-04-19,1:30:00 PM,82.1202,101.9604,89.9391,,FY2023-24
2023-04-20,1:30:00 PM,82.1635,102.2421,90.1191,,FY2023-24
2023-04-21,1:30:00 PM,82.1542,102.1034,90.0618,,FY2023-24
2023-04-24,1:30:00 PM,82.0495,101.9367,90.1133,,FY2023-24
2023-04-25,1:30:00 PM,81.8994,102.2776,90.5223,,FY2023-24
2023-04-26,1:30:00 PM,81.9155,101.8679,90.1125,,FY2023-24
2023-04-27,1:30:00 PM,81.6526,101.8349,90.2621,,FY2023-24
2023-04-28,1:30:00 PM,81.7829,102.0274,90.0871,,FY2023-24
2023-05-02,1:30:00 PM,81.7625,102.1955,89.8494,,FY2023-24
2023-05-03,1:30:00 PM,81.8552,102.229,90.211,,FY2023-24
2023-05-04,1:30:00 PM,81.7353,102.7827,90.5355,,FY2023-24
2023-05-08,1:30:00 PM,81.7606,103.4746,90.298,,FY2023-24
2023-05-09,1:30:00 PM,82.0231,103.6083,90.1762,,FY2023-24
2023-05-10,1:30:00 PM,82.024,103.5613,90.0088,,FY2023-24
2023-05-11,1:30:00 PM,82.0431,103.4996,89.9449,,FY2023-24
2023-05-12,1:30:00 PM,82.1606,102.9407,89.8163,,FY2023-24
2023-05-15,1:30:00 PM,82.2841,102.605,89.4055,,FY2023-24
2023-05-16,1:30:00 PM,82.2735,102.6291,89.4022,,FY2023-24
2023-05-17,1:30:00 PM,82.3695,102.6533,89.4626,,FY2023-24
2023-05-18,1:30:00 PM,82.4783,102.7757,89.3191,,FY2023-24
2023-05-19,1:30:00 PM,82.6989,102.6266,89.1373,,FY2023-24
2023-05-22,1:30:00 PM,82.7982,103.0363,89.5926,,FY2023-24
2023-05-23,1:30:00 PM,82.7961,102.9073,89.4844,,FY2023-24
2023-05-24,1:30:00 PM,82.7207,102.9873,89.2347,,FY2023-24
2023-05-25,1:30:00 PM,82.7477,102.2342,88.8385,,FY2023-24
2023-05-26,1:30:00 PM,82.7182,102.034,88.7892,,FY2023-24
2023-05-29,1:30:00 PM,82.5497,102.0386,88.6551,,FY2023-24
2023-05-30,1:30:00 PM,82.7332,102.0724,88.4583,,FY2023-24
2023-05-31,1:30:00 PM,82.6773,102.3787,88.3572,,FY2023-24
2023-06-01,1:30:00 PM,82.4562,102.5557,88.0687,,FY2023-24
2023-06-02,1:30:00 PM,82.3175,103.2174,88.6642,,FY2023-24
2023-06-05,1:30:00 PM,82.5768,102.5323,88.306,,FY2023-24
2023-06-06,1:30:00 PM,82.6396,102.8279,88.6646,,FY2023-24
2023-06-07,1:30:00 PM,82.5339,102.402,88.1049,,FY2023-24
2023-06-08,1:30:00 PM,82.5795,102.8049,88.4674,,FY2023-24
2023-06-09,1:30:00 PM,82.4251,103.5452,88.8455,,FY2023-24
2023-06-12,1:30:00 PM,82.4553,103.6974,88.64,,FY2023-24
2023-06-13,1:30:00 PM,82.3907,103.4574,88.9347,,FY2023-24
2023-06-14,1:30:00 PM,82.3141,103.8025,88.7812,,FY2023-24
2023-06-15,1:30:00 PM,82.1982,103.9555,88.8837,,FY2023-24
2023-06-16,1:30:00 PM,81.8834,104.9008,89.7256,,FY2023-24
2023-06-19,1:30:00 PM,81.9658,105.0414,89.6017,,FY2023-24
2023-06-20,1:30:00 PM,82.1157,104.9756,89.7514,,FY2023-24
2023-06-21,1:30:00 PM,82.0951,104.8305,89.5887,,FY2023-24
2023-06-22,1:30:00 PM,81.9188,104.4514,89.9654,,FY2023-24
2023-06-23,1:30:00 PM,82.051,104.3218,89.6615,,FY2023-24
2023-06-26,1:30:00 PM,81.9729,104.3275,89.3843,,FY2023-24
2023-06-27,1:30:00 PM,81.962,104.4098,89.5347,,FY2023-24
2023-06-28,1:30:00 PM,82.0124,104.3619,89.7456,,FY2023-24
2023-06-30,1:30:00 PM,82.0428,103.5074,89.1258,,FY2023-24
2023-07-03,1:30:00 PM,81.863,103.7826,89.1483,,FY2023-24
2023-07-04,1:30:00 PM,81.9689,104.0235,89.3537,,FY2023-24
2023-07-05,1:30:00 PM,82.1616,104.3682,89.3787,,FY2023-24
2023-07-06,1:30:00 PM,82.4572,104.8416,89.593,,FY2023-24
2023-07-07,1:30:00 PM,82.6773,105.3816,90.0747,,FY2023-24
2023-07-10,1:30:00 PM,82.6335,105.7885,90.4798,,FY2023-24
2023-07-11,1:30:00 PM,82.3533,106.2758,90.7506,,FY2023-24
2023-07-12,1:30:00 PM,82.2817,106.6662,90.7693,,FY2023-24
2023-07-13,1:30:00 PM,82.1201,106.8295,91.5064,,FY2023-24
2023-07-14,1:30:00 PM,82.1021,107.638,92.0994,,FY2023-24
2023-07-17,1:30:00 PM,82.146,107.4431,92.2905,,FY2023-24
2023-07-18,1:30:00 PM,82.0486,107.3606,92.2823,,FY2023-24
2023-07-19,1:30:00 PM,82.1029,106.3479,92.1315,,FY2023-24
2023-07-20,1:30:00 PM,82.0446,106.0388,91.9928,,FY2023-24
2023-07-21,1:30:00 PM,82.0217,105.7555,91.4017,,FY2023-24
2023-07-24,1:30:00 PM,81.9246,105.4462,91.1559,,FY2023-24
2023-07-25,1:30:00 PM,81.8088,105.103,90.6572,,FY2023-24
2023-07-26,1:30:00 PM,81.988,105.741,90.717,,FY2023-24
2023-07-27,1:30:00 PM,81.9923,106.2112,90.9584,,FY2023-24
2023-07-28,1:30:00 PM,82.2465,105.2761,90.316,,FY2023-24
2023-07-31,1:30:00 PM,82.2481,105.7645,90.5787,,FY2023-24
2023-08-01,1:30:00 PM,82.2833,105.5777,90.4595,,FY2023-24
2023-08-02,1:30:00 PM,82.5347,105.3445,90.6468,,FY2023-24
2023-08-03,1:30:00 PM,82.7171,105.0187,90.466,,FY2023-24
2023-08-04,1:30:00 PM,82.7978,105.2984,90.6713,,FY2023-24
2023-08-07,1:30:00 PM,82.7431,105.2581,90.8376,,FY2023-24
2023-08-08,1:30:00 PM,82.7968,105.6885,91.0621,,FY2023-24
2023-08-09,1:30:00 PM,82.8166,105.7491,90.8708,,FY2023-24
2023-08-10,1:30:00 PM,82.8372,105.4413,91.0602,,FY2023-24
2023-08-11,1:30:00 PM,82.7796,105.2349,91.0233,,FY2023-24
2023-08-14,1:30:00 PM,82.9521,105.2059,90.6982,,FY2023-24
2023-08-17,1:30:00 PM,83.1263,105.8807,90.4758,,FY2023-24
2023-08-18,1:30:00 PM,83.0905,105.7465,90.4351,,FY2023-24
2023-08-21,1:30:00 PM,83.1146,105.8221,90.422,,FY2023-24
2023-08-22,1:30:00 PM,83.067,106.2477,90.6926,,FY2023-24
2023-08-23,1:30:00 PM,82.9218,105.7281,90.0581,,FY2023-24
2023-08-24,1:30:00 PM,82.5517,105.0245,89.7364,,FY2023-24
2023-08-25,1:30:00 PM,82.6523,103.9303,89.1681,,FY2023-24
2023-08-28,1:30:00 PM,82.6126,104.1514,89.3615,,FY2023-24
2023-08-29,1:30:00 PM,82.6498,104.3029,89.3836,,FY2023-24
2023-08-30,1:30:00 PM,82.7698,104.5763,90.0061,,FY2023-24
2023-08-31,1:30:00 PM,82.6784,105.0931,90.2242,,FY2023-24
2023-09-01,1:30:00 PM,82.6648,104.6448,89.6169,,FY2023-24
2023-09-04,1:30:00 PM,82.7373,104.3577,89.2559,,FY2023-24
2023-09-05,1:30:00 PM,82.944,104.4049,89.3169,,FY2023-24
2023-09-06,1:30:00 PM,83.0902,104.4394,89.1785,,FY2023-24
2023-09-07,1:30:00 PM,83.1829,103.9614,89.1821,,FY2023-24
2023-09-08,1:30:00 PM,83.1589,103.9326,89.1486,,FY2023-24
2023-09-11,1:30:00 PM,82.8809,103.7464,88.9511,,FY2023-24
2023-09-12,1:30:00 PM,82.976,103.7891,89.0576,,FY2023-24
2023-09-13,1:30:00 PM,82.9527,103.2982,89.1122,,FY2023-24
2023-09-14,1:30:00 PM,82.976,103.6835,89.1516,,FY2023-24
2023-09-15,1:30:00 PM,83.0557,103.2299,88.5662,,FY2023-24
2023-09-18,1:30:00 PM,83.2102,103.1562,88.7559,,FY2023-24
2023-09-20,1:30:00 PM,83.2553,102.8408,88.9966,,FY2023-24
2023-09-21,1:30:00 PM,83.1511,102.4372,88.511,,FY2023-24
2023-09-22,1:30:00 PM,82.9477,101.8692,88.347,,FY2023-24
2023-09-25,1:30:00 PM,83.0968,101.6977,88.4543,,FY2023-24
2023-09-26,1:30:00 PM,83.2328,101.3909,88.0581,,FY2023-24
2023-09-27,1:30:00 PM,83.2188,101.1075,87.9201,,FY2023-24
2023-09-28,1:30:00 PM,83.1591,100.9163,87.3442,,FY2023-24
2023-09-29,1:30:00 PM,83.058,101.6713,87.9379,,FY2023-24
2023-10-03,1:30:00 PM,83.1812,100.3919,87.068,,FY2023-24
2023-10-04,1:30:00 PM,83.2588,100.4129,87.0782,,FY2023-24
2023-10-05,1:30:00 PM,83.2413,101.066,87.4716,,FY2023-24
2023-10-06,1:30:00 PM,83.2388,101.2905,87.6815,,FY2023-24
2023-10-09,1:30:00 PM,83.2542,101.5918,87.796,,FY2023-24
2023-10-10,1:30:00 PM,83.2556,101.7506,87.8957,,FY2023-24
2023-10-11,1:30:00 PM,83.2368,102.2764,88.2538,,FY2023-24
2023-10-12,1:30:00 PM,83.1834,102.5568,88.485,,FY2023-24
2023-10-13,1:30:00 PM,83.2574,101.518,87.7616,,FY2023-24
2023-10-16,1:30:00 PM,83.2632,101.3241,87.7061,,FY2023-24
2023-10-17,1:30:00 PM,83.2555,101.3503,87.7169,,FY2023-24
2023-10-18,1:30:00 PM,83.2571,101.6308,88.1715,,FY2023-24
2023-10-19,1:30:00 PM,83.2746,101.0498,87.7592,,FY2023-24
2023-10-20,1:30:00 PM,83.1982,100.656,87.9166,,FY2023-24
2023-10-23,1:30:00 PM,83.1663,101.0798,87.9617,,FY2023-24
2023-10-25,1:30:00 PM,83.1518,101.1475,88.121,,FY2023-24
2023-10-26,1:30:00 PM,83.2439,100.5165,87.7041,,FY2023-24
2023-10-27,1:30:00 PM,83.2518,100.9112,87.8984,,FY2023-24
2023-10-30,1:30:00 PM,83.2676,100.9287,87.9506,,FY2023-24
2023-10-31,1:30:00 PM,83.2692,101.1643,88.3236,,FY2023-24
2023-11-01,1:30:00 PM,83.2843,101.1166,88.0393,,FY2023-24
2023-11-02,1:30:00 PM,83.263,101.4038,88.2388,,FY2023-24
2023-11-03,1:30:00 PM,83.2669,101.6273,88.5283,,FY2023-24
2023-11-06,1:30:00 PM,83.2213,103.0513,89.358,,FY2023-24
2023-11-07,1:30:00 PM,83.265,102.6408,89.1391,,FY2023-24
2023-11-08,1:30:00 PM,83.2691,102.2211,88.9797,,FY2023-24
2023-11-09,1:30:00 PM,83.2808,102.3099,89.1749,,FY2023-24
2023-11-10,1:30:00 PM,83.353,101.9363,88.9138,,FY2023-24
2023-11-13,1:30:00 PM,83.3248,101.9535,89.0648,,FY2023-24
2023-11-15,1:30:00 PM,83.1272,103.8298,90.4008,,FY2023-24
2023-11-16,1:30:00 PM,83.2388,103.1878,90.2225,,FY2023-24
2023-11-17,1:30:00 PM,83.2646,103.3752,90.3648,,FY2023-24
2023-11-20,1:30:00 PM,83.3309,103.9836,90.9829,,FY2023-24
2023-11-21,1:30:00 PM,83.3466,104.4016,91.3062,,FY2023-24
2023-11-22,1:30:00 PM,83.3375,104.3241,90.8451,,FY2023-24
2023-11-23,1:30:00 PM,83.3571,104.2992,90.9532,,FY2023-24
2023-11-24,1:30:00 PM,83.3675,104.5506,90.93,,FY2023-24
2023-11-28,1:30:00 PM,83.3926,105.2959,91.3149,,FY2023-24
2023-11-29,1:30:00 PM,83.3191,105.9213,91.6443,,FY2023-24
2023-11-30,1:30:00 PM,83.35,105.8684,91.4816,,FY2023-24
2023-12-01,1:30:00 PM,83.3602,105.369,90.9404,,FY2023-24
2023-12-04,1:30:00 PM,83.3357,105.7047,90.6276,,FY2023-24
2023-12-05,1:30:00 PM,83.3931,105.3616,90.3881,,FY2023-24
2023-12-06,1:30:00 PM,83.3544,105.0654,89.9505,,FY2023-24
2023-12-07,1:30:00 PM,83.365,104.6748,89.7352,,FY2023-24
2023-12-08,1:30:00 PM,83.3681,104.916,89.8992,,FY2023-24
2023-12-11,1:30:00 PM,83.3872,104.5965,89.7969,,FY2023-24
2023-12-12,1:30:00 PM,83.38,104.8687,89.803,,FY2023-24
2023-12-13,1:30:00 PM,83.395,104.6579,89.9276,,FY2023-24
2023-12-14,1:30:00 PM,83.35,105.3522,90.8593,,FY2023-24
2023-12-15,1:30:00 PM,83.1802,106.1202,91.3696,,FY2023-24
2023-12-18,1:30:00 PM,83.0173,105.3512,90.6311,,FY2023-24
2023-12-19,1:30:00 PM,83.179,105.2636,90.8664,,FY2023-24
2023-12-20,1:30:00 PM,83.1523,105.7514,91.146,,FY2023-24
2023-12-21,1:30:00 PM,83.2729,105.2281,91.1572,,FY2023-24
2023-12-22,1:30:00 PM,83.2493,105.6223,91.5559,,FY2023-24
2023-12-26,1:30:00 PM,83.1703,105.669,91.6836,,FY2023-24
2023-12-27,1:30:00 PM,83.3226,106.0891,92.0154,,FY2023-24
2023-12-28,1:30:00 PM,83.2254,106.609,92.4523,,FY2023-24
2023-12-29,1:30:00 PM,83.1164,106.1053,92.0049,,FY2023-24
2024-01-01,1:30:00 PM,83.1975,105.9476,91.8401,,FY2023-24
2024-01-02,1:30:00 PM,83.3282,106.1012,91.9232,,FY2023-24
2024-01-03,1:30:00 PM,83.3242,105.2774,91.2811,,FY2023-24
2024-01-04,1:30:00 PM,83.3002,105.5552,90.9944,,FY2023-24
2024-01-05,1:30:00 PM,83.176,105.3574,90.8803,,FY2023-24
2024-01-08,1:30:00 PM,83.0687,105.5842,90.8932,,FY2023-24
2024-01-09,1:30:00 PM,83.1289,105.919,91.0544,,FY2023-24
2024-01-10,1:30:00 PM,83.1548,105.5767,90.8965,,FY2023-24
2024-01-11,1:30:00 PM,82.9415,105.9285,91.1135,,FY2023-24
2024-01-12,1:30:00 PM,82.9881,106.0051,91.0922,,FY2023-24
2024-01-15,1:30:00 PM,82.853,105.6641,90.84,,FY2023-24
2024-01-16,1:30:00 PM,82.9774,105.2369,90.6108,,FY2023-24
2024-01-17,1:30:00 PM,83.131,104.7379,90.2531,,FY2023-24
2024-01-18,1:30:00 PM,83.1243,105.539,90.6376,,FY2023-24
2024-01-19,1:30:00 PM,83.1338,105.5622,90.4457,,FY2023-24
2024-01-23,1:30:00 PM,83.1029,105.8399,90.6027,,FY2023-24
2024-01-24,1:30:00 PM,83.1457,105.615,90.33,,FY2023-24
2024-01-25,1:30:00 PM,83.1155,105.6542,90.4175,,FY2023-24
2024-01-29,1:30:00 PM,83.1494,105.6624,90.1655,,FY2023-24
2024-01-30,1:30:00 PM,83.119,105.6138,89.9625,,FY2023-24
2024-01-31,1:30:00 PM,83.0805,105.3084,89.8826,,FY2023-24
2024-02-01,1:30:00 PM,82.9553,105.0977,89.6105,,FY2023-24
2024-02-02,1:30:00 PM,82.8406,105.6334,90.1322,,FY2023-24
2024-02-05,1:30:00 PM,83.0284,104.7315,89.5245,,FY2023-24
2024-02-06,1:30:00 PM,83.0629,104.2545,89.3009,,FY2023-24
2024-02-07,1:30:00 PM,82.9765,104.5769,89.2943,,FY2023-24
2024-02-08,1:30:00 PM,82.9762,104.7862,89.4694,,FY2023-24
2024-02-09,1:30:00 PM,82.9995,104.7144,89.4037,,FY2023-24
2024-02-12,1:30:00 PM,82.9954,104.8298,89.572,,FY2023-24
2024-02-13,1:30:00 PM,83.019,104.7473,89.3893,,FY2023-24
2024-02-14,1:30:00 PM,83.0864,104.7659,89.0553,,FY2023-24
2024-02-15,1:30:00 PM,83.0119,104.3249,89.064,,FY2023-24
2024-02-16,1:30:00 PM,83.0375,104.48,89.35,,FY2023-24
2024-02-20,1:30:00 PM,82.9704,104.4216,89.358,,FY2023-24
2024-02-21,1:30:00 PM,82.8851,104.6784,89.6115,,FY2023-24
2024-02-22,1:30:00 PM,82.924,104.8828,89.8692,,FY2023-24
2024-02-23,1:30:00 PM,82.8865,104.9531,89.7114,,FY2023-24
2024-02-26,1:30:00 PM,82.8856,104.9951,89.7192,,FY2023-24
2024-02-27,1:30:00 PM,82.8915,105.102,89.9395,,FY2023-24
2024-02-28,1:30:00 PM,82.9155,104.9826,89.7842,,FY2023-24
2024-02-29,1:30:00 PM,82.9246,105.0317,89.8621,,FY2023-24
2024-03-01,1:30:00 PM,82.8702,104.6474,89.5766,,FY2023-24
2024-03-04,1:30:00 PM,82.8954,104.9815,89.9028,,FY2023-24
2024-03-05,1:30:00 PM,82.9271,105.1355,89.9687,,FY2023-24
2024-03-06,1:30:00 PM,82.9078,105.3349,90.0113,,FY2023-24
2024-03-07,1:30:00 PM,82.7785,105.4085,90.233,,FY2023-24
2024-03-11,1:30:00 PM,82.677,106.2383,90.4442,,FY2023-24
2024-03-12,1:30:00 PM,82.745,106.0581,90.5054,,FY2023-24
2024-03-13,1:30:00 PM,82.9027,106.0618,90.5933,,FY2023-24
2024-03-14,1:30:00 PM,82.8709,106.0228,90.6624,,FY2023-24
2024-03-15,1:30:00 PM,82.8919,105.5877,90.1676,,FY2023-24
2024-03-18,1:30:00 PM,82.9078,105.5847,90.2755,,FY2023-24
2024-03-19,1:30:00 PM,82.9401,105.4135,90.1321,,FY2023-24
2024-03-20,1:30:00 PM,83.1022,105.6988,90.3077,,FY2023-24
2024-03-21,1:30:00 PM,83.1308,106.3614,90.9118,,FY2023-24
2024-03-22,1:30:00 PM,83.3546,105.2485,90.2625,,FY2023-24
2024-03-26,1:30:00 PM,83.3559,105.4535,90.4334,,FY2023-24
2024-03-27,1:30:00 PM,83.3255,105.1329,90.2243,,FY2023-24
2024-03-28,1:30:00 PM,83.3739,105.2935,90.2178,,FY2023-24
2024-04-02,1:30:00 PM,83.3585,104.5805,89.447,,FY2024-25
2024-04-03,1:30:00 PM,83.4204,104.8733,89.8499,,FY2024-25
2024-04-04,1:30:00 PM,83.4475,105.6011,90.4927,,FY2024-25
2024-04-05,1:30:00 PM,83.4073,105.2367,90.3068,,FY2024-25
2024-04-08,1:30:00 PM,83.3176,105.2324,90.2535,,FY2024-25
2024-04-10,1:30:00 PM,83.2253,105.5186,90.2945,,FY2024-25
2024-04-12,1:30:00 PM,83.3931,104.4243,89.1261,,FY2024-25
2024-04-15,1:30:00 PM,83.4422,104.0697,88.9071,,FY2024-25
2024-04-16,1:30:00 PM,83.4982,103.6719,88.5593,,FY2024-25
2024-04-18,1:30:00 PM,83.517,104.2476,89.2736,,FY2024-25
2024-04-19,1:30:00 PM,83.5214,103.7959,88.8874,,FY2024-25
2024-04-22,1:30:00 PM,83.4113,103.2977,88.9698,,FY2024-25
2024-04-23,1:30:00 PM,83.3765,102.8772,88.7387,,FY2024-25
2024-04-24,1:30:00 PM,83.2987,103.688,89.1124,,FY2024-25
2024-04-25,1:30:00 PM,83.3758,104.182,89.4072,,FY2024-25
2024-04-26,1:30:00 PM,83.3395,104.256,89.4288,,FY2024-25
2024-04-29,1:30:00 PM,83.4392,104.556,89.4607,,FY2024-25
2024-04-30,1:30:00 PM,83.5187,104.6411,89.3405,,FY2024-25
2024-05-02,1:30:00 PM,83.4526,104.585,89.4818,,FY2024-25
2024-05-03,1:30:00 PM,83.3795,104.6174,89.5007,,FY2024-25
2024-05-06,1:30:00 PM,83.4725,104.7836,89.8309,,FY2024-25
2024-05-07,1:30:00 PM,83.5015,104.7198,89.8287,,FY2024-25
2024-05-08,1:30:00 PM,83.5147,104.3177,89.7549,,FY2024-25
2024-05-09,1:30:00 PM,83.4976,104.2089,89.6675,,FY2024-25
2024-05-10,1:30:00 PM,83.4946,104.6928,90.0133,,FY2024-25
2024-05-13,1:30:00 PM,83.5234,104.6431,89.9792,,FY2024-25
2024-05-14,1:30:00 PM,83.5201,104.8767,90.0825,,FY2024-25
2024-05-15,1:30:00 PM,83.5092,105.1587,90.3926,,FY2024-25
2024-05-16,1:30:00 PM,83.5011,105.861,90.8342,,FY2024-25
2024-05-17,1:30:00 PM,83.4815,105.7226,90.6832,,FY2024-25
2024-05-21,1:30:00 PM,83.3614,106.0007,90.5505,,FY2024-25
2024-05-22,1:30:00 PM,83.2301,106.1062,90.3879,,FY2024-25
2024-05-24,1:30:00 PM,83.1219,105.5039,89.893,,FY2024-25
2024-05-27,1:30:00 PM,83.0838,105.8277,90.1132,,FY2024-25
2024-05-28,1:30:00 PM,83.1644,106.2253,90.4468,,FY2024-25
2024-05-29,1:30:00 PM,83.327,106.3203,90.4226,,FY2024-25
2024-05-30,1:30:00 PM,83.4231,105.8673,90.0508,,FY2024-25
2024-05-31,1:30:00 PM,83.2988,105.9283,90.121,,FY2024-25
2024-06-03,1:30:00 PM,83.0659,105.7977,90.1542,,FY2024-25
2024-06-04,1:30:00 PM,83.5021,106.8621,91.0195,,FY2024-25
2024-06-05,1:30:00 PM,83.3898,106.456,90.6747,,FY2024-25
2024-06-06,1:30:00 PM,83.4649,106.7794,90.807,,FY2024-25
2024-06-07,1:30:00 PM,83.4257,106.6631,90.8439,,FY2024-25
2024-06-10,1:30:00 PM,83.4919,106.1366,89.7788,,FY2024-25
2024-06-11,1:30:00 PM,83.5054,106.2645,89.9325,,FY2024-25
2024-06-12,1:30:00 PM,83.5645,106.513,89.7901,,FY2024-25
2024-06-13,1:30:00 PM,83.5469,106.7724,90.2741,,FY2024-25
2024-06-14,1:30:00 PM,83.5458,106.3694,89.5505,,FY2024-25
2024-06-18,1:30:00 PM,83.4817,105.9644,89.5358,,FY2024-25
2024-06-19,1:30:00 PM,83.4251,106.1573,89.5496,,FY2024-25
2024-06-20,1:30:00 PM,83.5265,106.121,89.6423,,FY2024-25
2024-06-21,1:30:00 PM,83.586,105.8087,89.5362,,FY2024-25
2024-06-24,1:30:00 PM,83.5138,105.6522,89.401,,FY2024-25
2024-06-25,1:30:00 PM,83.4275,105.8673,89.57,,FY2024-25
2024-06-26,1:30:00 PM,83.5409,105.961,89.406,,FY2024-25
2024-06-27,1:30:00 PM,83.4896,105.5103,89.2882,,FY2024-25
2024-06-28,1:30:00 PM,83.4534,105.464,89.249,,FY2024-25
2024-07-01,1:30:00 PM,83.4043,105.8034,89.8464,,FY2024-25
2024-07-02,1:30:00 PM,83.515,105.5457,89.6411,,FY2024-25
2024-07-03,1:30:00 PM,83.5337,105.9625,89.7219,,FY2024-25
2024-07-04,1:30:00 PM,83.5016,106.4545,90.1094,,FY2024-25
2024-07-05,1:30:00 PM,83.5,106.6501,90.3709,,FY2024-25
2024-07-08,1:30:00 PM,83.4755,106.8998,90.3005,,FY2024-25
2024-07-09,1:30:00 PM,83.4843,106.9222,90.3929,,FY2024-25
2024-07-10,1:30:00 PM,83.4923,106.8011,90.3264,,FY2024-25
2024-07-11,1:30:00 PM,83.5342,107.4422,90.5277,,FY2024-25
2024-07-12,1:30:00 PM,83.5385,107.827,90.7685,,FY2024-25
2024-07-15,1:30:00 PM,83.5658,108.3603,90.9931,,FY2024-25
2024-07-16,1:30:00 PM,83.5781,108.2777,90.9764,,FY2024-25
2024-07-18,1:30:00 PM,83.6393,108.7428,91.4384,,FY2024-25
2024-07-19,1:30:00 PM,83.6405,108.1667,91.0655,,FY2024-25
2024-07-22,1:30:00 PM,83.6654,108.0327,91.0581,,FY2024-25
2024-07-23,1:30:00 PM,83.6625,108.0741,91.0516,,FY2024-25
2024-07-24,1:30:00 PM,83.7028,107.8477,90.7746,,FY2024-25
2024-07-25,1:30:00 PM,83.7075,107.842,90.7038,,FY2024-25
2024-07-26,1:30:00 PM,83.7272,107.6776,90.8596,,FY2024-25
2024-07-29,1:30:00 PM,83.7371,107.7423,90.9162,,FY2024-25
2024-07-30,1:30:00 PM,83.7328,107.5911,90.6056,,FY2024-25
2024-07-31,1:30:00 PM,83.744,107.5463,90.6222,,FY2024-25
2024-08-01,1:30:00 PM,83.7251,107.4601,90.6107,,FY2024-25
2024-08-02,1:30:00 PM,83.7375,106.6486,90.4666,,FY2024-25
2024-08-05,1:30:00 PM,83.839,106.7114,91.4387,,FY2024-25
2024-08-06,1:30:00 PM,83.9078,107.0977,91.8304,,FY2024-25
2024-08-07,1:30:00 PM,83.9519,106.6592,91.6212,,FY2024-25
2024-08-08,1:30:00 PM,83.9584,106.6719,91.832,,FY2024-25
2024-08-09,1:30:00 PM,83.9,107.1218,91.6697,,FY2024-25
2024-08-12,1:30:00 PM,83.9691,107.2655,91.6915,,FY2024-25
2024-08-13,1:30:00 PM,83.9696,107.5309,91.8224,,FY2024-25
2024-08-14,1:30:00 PM,83.9366,107.6879,92.2726,,FY2024-25
2024-08-16,1:30:00 PM,83.9561,108.1478,92.2185,,FY2024-25
2024-08-19,1:30:00 PM,83.9201,108.7985,92.6909,,FY2024-25
2024-08-20,1:30:00 PM,83.7804,108.8821,92.8225,,FY2024-25
2024-08-21,1:30:00 PM,83.9183,109.2566,93.2892,,FY2024-25
2024-08-22,1:30:00 PM,83.9569,109.9298,93.5884,,FY2024-25
2024-08-23,1:30:00 PM,83.8746,110.0698,93.3362,,FY2024-25
2024-08-26,1:30:00 PM,83.8504,110.6669,93.7693,,FY2024-25
2024-08-27,1:30:00 PM,83.9424,110.8163,93.7513,,FY2024-25
2024-08-28,1:30:00 PM,83.9671,111.0504,93.592,,FY2024-25
2024-08-29,1:30:00 PM,83.8899,110.9114,93.3896,,FY2024-25
2024-08-30,1:30:00 PM,83.8709,110.4966,92.9083,,FY2024-25
2024-09-02,1:30:00 PM,83.8759,110.1906,92.7679,,FY2024-25
2024-09-03,1:30:00 PM,83.9525,110.0869,92.8067,,FY2024-25
2024-09-04,1:30:00 PM,83.9682,110.0739,92.7921,,FY2024-25
2024-09-05,1:30:00 PM,83.9825,110.4157,93.0974,,FY2024-25
2024-09-06,1:30:00 PM,83.9308,110.6275,93.3092,,FY2024-25
2024-09-09,1:30:00 PM,83.9425,110.085,92.9036,,FY2024-25
2024-09-10,1:30:00 PM,83.975,109.8964,92.7095,,FY2024-25
2024-09-11,1:30:00 PM,83.9508,109.8474,92.7058,,FY2024-25
2024-09-12,1:30:00 PM,83.9843,109.6141,92.549,,FY2024-25
2024-09-13,1:30:00 PM,83.918,110.2235,92.9537,,FY2024-25
2024-09-16,1:30:00 PM,83.8939,110.4061,93.1502,,FY2024-25
2024-09-17,1:30:00 PM,83.8302,110.7576,93.2991,,FY2024-25
2024-09-19,1:30:00 PM,83.6172,110.7766,93.144,,FY2024-25
2024-09-20,1:30:00 PM,83.4922,111.2344,93.2853,,FY2024-25
2024-09-23,1:30:00 PM,83.5128,111.2056,93.2064,,FY2024-25
2024-09-24,1:30:00 PM,83.6319,111.5348,92.8855,,FY2024-25
2024-09-25,1:30:00 PM,83.5471,111.981,93.487,,FY2024-25
2024-09-26,1:30:00 PM,83.7009,111.6983,93.3215,,FY2024-25
2024-09-27,1:30:00 PM,83.6688,112.0498,93.4608,,FY2024-25
2024-09-30,1:30:00 PM,83.7888,112.1597,93.534,,FY2024-25
2024-10-01,1:30:00 PM,83.8149,112.0588,93.3145,,FY2024-25
2024-10-03,1:30:00 PM,83.9492,110.5969,92.6077,,FY2024-25
2024-10-04,1:30:00 PM,83.966,110.291,92.6218,,FY2024-25
2024-10-07,1:30:00 PM,83.9719,110.1532,92.0987,,FY2024-25
2024-10-08,1:30:00 PM,83.9399,109.865,92.2057,,FY2024-25
2024-10-09,1:30:00 PM,83.962,109.8576,92.0627,,FY2024-25
2024-10-10,1:30:00 PM,83.9685,109.7905,91.8666,,FY2024-25
2024-10-11,1:30:00 PM,84.0586,109.6914,91.9343,,FY2024-25
2024-10-14,1:30:00 PM,84.0725,109.8771,91.8812,,FY2024-25
2024-10-15,1:30:00 PM,84.0736,109.7256,91.592,,FY2024-25
2024-10-16,1:30:00 PM,84.0696,109.2843,91.4621,,FY2024-25
2024-10-17,1:30:00 PM,84.0304,109.1146,91.2072,,FY2024-25
2024-10-18,1:30:00 PM,84.071,109.8018,91.1716,,FY2024-25
2024-10-21,1:30:00 PM,84.0744,109.6112,91.2695,,FY2024-25
2024-10-22,1:30:00 PM,84.0718,109.3797,91.0038,,FY2024-25
2024-10-23,1:30:00 PM,84.075,109.2017,90.8118,,FY2024-25
2024-10-24,1:30:00 PM,84.0738,108.7282,90.7011,,FY2024-25
2024-10-25,1:30:00 PM,84.0771,108.9835,90.9557,,FY2024-25
2024-10-28,1:30:00 PM,84.0775,108.9235,90.746,,FY2024-25
2024-10-29,1:30:00 PM,84.0783,109.0042,90.8791,,FY2024-25
2024-10-30,1:30:00 PM,84.0847,109.3779,90.9903,,FY2024-25
2024-10-31,1:30:00 PM,84.0886,108.9508,91.2505,,FY2024-25
2024-11-04,1:30:00 PM,84.1055,109.2828,91.6565,,FY2024-25
2024-11-05,1:30:00 PM,84.1225,109.0295,91.5139,,FY2024-25
2024-11-06,1:30:00 PM,84.2366,108.2822,90.2472,,FY2024-25
2024-11-07,1:30:00 PM,84.3562,109.0939,90.6565,,FY2024-25
2024-11-08,1:30:00 PM,84.3751,109.3974,90.9243,,FY2024-25
2024-11-11,1:30:00 PM,84.3848,108.9813,90.4256,,FY2024-25
2024-11-12,1:30:00 PM,84.4011,108.2613,89.7707,,FY2024-25
2024-11-13,1:30:00 PM,84.4063,107.5342,89.5658,,FY2024-25
2024-11-14,1:30:00 PM,84.405,107.1291,89.063,,FY2024-25
2024-11-18,1:30:00 PM,84.3875,106.6242,88.9686,,FY2024-25
2024-11-19,1:30:00 PM,84.4036,106.9996,89.4217,,FY2024-25
2024-11-21,1:30:00 PM,84.4561,106.8415,89.077,,FY2024-25
2024-11-22,1:30:00 PM,84.4975,106.2139,88.4458,,FY2024-25
2024-11-25,1:30:00 PM,84.2776,106.1948,88.3656,,FY2024-25
2024-11-26,1:30:00 PM,84.2835,105.7882,88.3184,,FY2024-25
2024-11-27,1:30:00 PM,84.4708,106.2327,88.5338,,FY2024-25
2024-11-28,1:30:00 PM,84.4917,106.9693,89.1168,,FY2024-25
2024-11-29,1:30:00 PM,84.4971,107.4612,89.3568,,FY2024-25
2024-12-02,1:30:00 PM,84.6812,107.4548,89.1275,,FY2024-25
2024-12-03,1:30:00 PM,84.745,107.2047,88.9054,,FY2024-25
2024-12-04,1:30:00 PM,84.6885,107.5143,89.1098,,FY2024-25
2024-12-05,1:30:00 PM,84.7335,107.7567,89.2001,,FY2024-25
2024-12-06,1:30:00 PM,84.6578,107.9127,89.5324,,FY2024-25
2024-12-09,1:30:00 PM,84.7305,107.8405,89.3189,,FY2024-25
2024-12-10,1:30:00 PM,84.8531,108.2793,89.6552,,FY2024-25
2024-12-11,1:30:00 PM,84.8427,108.3221,89.2947,,FY2024-25
2024-12-12,1:30:00 PM,84.8732,108.3712,89.1961,,FY2024-25
2024-12-13,1:30:00 PM,84.8411,107.389,88.7398,,FY2024-25
2024-12-16,1:30:00 PM,84.8259,107.1594,89.1769,,FY2024-25
2024-12-17,1:30:00 PM,84.9264,107.6006,89.1659,,FY2024-25
2024-12-18,1:30:00 PM,84.937,107.9408,89.2592,,FY2024-25
2024-12-19,1:30:00 PM,85.0739,107.1477,88.3595,,FY2024-25
2024-12-20,1:30:00 PM,85.088,106.2908,88.1705,,FY2024-25
2024-12-23,1:30:00 PM,85.0713,106.9295,88.781,,FY2024-25
2024-12-24,1:30:00 PM,85.1932,106.7851,88.5646,,FY2024-25
2024-12-26,1:30:00 PM,85.2684,106.9647,88.6712,,FY2024-25
2024-12-27,1:30:00 PM,85.5914,107.2055,89.1109,,FY2024-25
2024-12-30,1:30:00 PM,85.4655,107.5686,89.136,,FY2024-25
2024-12-31,1:30:00 PM,85.6232,107.4645,89.0852,,FY2024-25
2025-01-01,1:30:00 PM,85.709,107.2631,88.7597,,FY2024-25
2025-01-02,1:30:00 PM,85.7853,107.4993,88.8924,,FY2024-25
2025-01-03,1:30:00 PM,85.7598,106.341,88.1056,,FY2024-25
2025-01-06,1:00:00 PM,85.8279,106.8105,88.52,,FY2024-25
2025-01-07,1:00:00 PM,85.7191,107.4906,89.1382,,FY2024-25
2025-01-08,1:00:00 PM,85.8443,107.2052,88.8946,,FY2024-25
2025-01-09,1:00:00 PM,85.8806,105.7597,88.4731,,FY2024-25
2025-01-10,1:00:00 PM,85.8956,105.4741,88.3488,,FY2024-25
2025-01-13,1:00:00 PM,86.4368,105.0472,88.3563,,FY2024-25
2025-01-14,1:00:00 PM,86.5497,105.6512,88.695,,FY2024-25
2025-01-15,1:00:00 PM,86.5008,105.5621,89.0733,,FY2024-25
2025-01-16,1:00:00 PM,86.4854,105.6609,88.9687,,FY2024-25
2025-01-17,1:00:00 PM,86.5844,105.7138,89.0798,,FY2024-25
2025-01-20,1:00:00 PM,86.5481,105.6937,89.2051,,FY2024-25
2025-01-21,1:00:00 PM,86.5139,106.1866,89.7755,,FY2024-25
2025-01-22,1:00:00 PM,86.5661,106.7031,90.0807,,FY2024-25
2025-01-23,1:00:00 PM,86.4593,106.4798,89.9897,,FY2024-25
2025-01-24,1:00:00 PM,86.2904,107.0887,90.2149,,FY2024-25
2025-01-27,1:00:00 PM,86.4175,107.6439,90.4031,,FY2024-25
2025-01-28,1:00:00 PM,86.5358,107.6782,90.3347,,FY2024-25
2025-01-29,1:00:00 PM,86.5768,107.8493,90.3896,,FY2024-25
2025-01-30,1:00:00 PM,86.5842,107.6848,90.1821,,FY2024-25
2025-01-31,1:00:00 PM,86.6414,107.6202,90.0094,,FY2024-25
2025-02-03,1:00:00 PM,87.1162,107.049,89.2674,,FY2024-25
2025-02-04,1:00:00 PM,87.1206,108.0081,89.7011,,FY2024-25
2025-02-05,1:00:00 PM,87.2237,108.8662,90.6022,,FY2024-25
2025-02-06,1:00:00 PM,87.5617,109.3605,90.9836,,FY2024-25
2025-02-07,1:00:00 PM,87.4782,108.6858,90.761,,FY2024-25
2025-02-10,1:00:00 PM,87.5858,108.67,90.3564,,FY2024-25
2025-02-11,1:00:00 PM,86.8861,107.4086,89.5442,,FY2024-25
2025-02-12,1:00:00 PM,86.8461,108.0707,89.961,,FY2024-25
2025-02-13,1:00:00 PM,86.8822,108.5622,90.6732,,FY2024-25
2025-02-14,1:00:00 PM,86.8862,109.1221,90.8581,,FY2024-25
2025-02-17,1:00:00 PM,86.7721,109.2594,91.0262,,FY2024-25
2025-02-18,1:00:00 PM,86.9742,109.5753,90.957,,FY2024-25
2025-02-20,1:00:00 PM,86.6995,109.2321,90.4467,,FY2024-25
2025-02-21,1:00:00 PM,86.6466,109.7044,90.9108,,FY2024-25
2025-02-24,1:00:00 PM,86.6916,109.8238,91.1117,,FY2024-25
2025-02-25,1:00:00 PM,87.0022,109.925,91.1568,,FY2024-25
2025-02-27,1:00:00 PM,87.2119,110.4138,91.3126,,FY2024-25
2025-02-28,1:00:00 PM,87.4006,109.9762,90.7807,,FY2024-25
2025-03-03,1:00:00 PM,87.3314,110.069,90.9498,,FY2024-25
2025-03-04,1:00:00 PM,87.3786,110.9056,91.5885,,FY2024-25
2025-03-05,1:00:00 PM,87.0896,111.4503,92.6314,,FY2024-25
2025-03-06,1:00:00 PM,87.0859,112.3321,94.0888,,FY2024-25
2025-03-07,1:00:00 PM,87.0612,112.2201,94.1979,,FY2024-25
2025-03-10,1:00:00 PM,87.2392,112.6654,94.5528,,FY2024-25
2025-03-11,1:00:00 PM,87.3267,112.6282,94.8973,,FY2024-25
2025-03-12,1:00:00 PM,87.2605,112.8127,95.1355,,FY2024-25
2025-03-13,1:00:00 PM,87.0833,112.8141,94.7472,,FY2024-25
2025-03-17,1:00:00 PM,86.792,112.2423,94.4187,,FY2024-25
2025-03-18,1:00:00 PM,86.6705,112.4475,94.5523,,FY2024-25
2025-03-19,1:00:00 PM,86.5016,112.2779,94.4943,,FY2024-25
2025-03-20,1:00:00 PM,86.304,112.1267,94.0236,,FY2024-25
2025-03-21,1:00:00 PM,86.2184,111.4557,93.3452,,FY2024-25
2025-03-24,1:00:00 PM,85.8318,111.0166,93.0171,,FY2024-25
2025-03-25,1:00:00 PM,85.7302,110.7526,92.5875,,FY2024-25
2025-03-26,1:00:00 PM,85.8683,111.0706,92.6118,,FY2024-25
2025-03-27,1:00:00 PM,85.761,110.8592,92.4452,,FY2024-25
2025-03-28,1:00:00 PM,85.5814,110.7389,92.3246,,FY2024-25
2025-04-02,1:00:00 PM,85.6024,110.5584,92.3901,,FY2025-26
2025-04-03,1:00:00 PM,85.6468,112.1362,93.7438,,FY2025-26
2025-04-04,1:00:00 PM,85.2281,111.5295,94.3401,,FY2025-26
2025-04-07,1:00:00 PM,85.8087,110.6812,94.4605,,FY2025-26
2025-04-08,1:00:00 PM,85.9085,109.8672,94.2972,,FY2025-26
2025-04-09,1:00:00 PM,86.6171,111.1372,95.8054,,FY2025-26
2025-04-11,1:00:00 PM,86.1441,112.0057,97.1097,,FY2025-26
2025-04-15,1:00:00 PM,85.6905,113.1012,97.2073,,FY2025-26
2025-04-16,1:00:00 PM,85.6464,113.6625,97.3668,,FY2025-26
2025-04-17,1:00:00 PM,85.5703,113.1975,97.2552,,FY2025-26
2025-04-21,1:00:00 PM,85.1622,113.9465,98.0268,,FY2025-26
2025-04-22,1:00:00 PM,85.1003,114.0486,97.9788,,FY2025-26
2025-04-23,1:00:00 PM,85.4372,113.6884,97.2976,,FY2025-26
2025-04-24,1:00:00 PM,85.5085,113.5313,97.0516,,FY2025-26
2025-04-25,1:00:00 PM,85.5788,113.8244,97.1245,,FY2025-26
2025-04-28,1:00:00 PM,85.198,113.4303,96.8605,,FY2025-26
2025-04-29,1:00:00 PM,85.2005,114.2874,97.0792,,FY2025-26
2025-04-30,1:00:00 PM,85.0535,113.877,96.737,,FY2025-26
2025-05-02,1:00:00 PM,83.8568,111.6134,94.9483,,FY2025-26
2025-05-05,1:00:00 PM,84.2369,111.9267,95.4028,,FY2025-26
2025-05-06,1:00:00 PM,84.5436,112.3596,95.6926,,FY2025-26
2025-05-07,1:00:00 PM,84.5715,112.9678,96.1319,,FY2025-26
2025-05-08,1:00:00 PM,84.8642,112.7574,95.7568,,FY2025-26
2025-05-09,1:00:00 PM,85.6438,113.3998,96.2882,,FY2025-26
2025-05-13,1:00:00 PM,84.8888,112.0283,94.2962,,FY2025-26
2025-05-14,1:00:00 PM,85.2982,113.4199,95.4117,,FY2025-26
2025-05-15,1:00:00 PM,85.5871,113.8092,95.9939,,FY2025-26
2025-05-16,1:00:00 PM,85.5665,114.0299,95.9554,,FY2025-26
2025-05-19,1:00:00 PM,85.491,113.772,95.6832,,FY2025-26
2025-05-20,1:00:00 PM,85.4582,114.2656,96.198,,FY2025-26
2025-05-21,1:00:00 PM,85.5546,115.1371,97.0343,,FY2025-26
2025-05-22,1:00:00 PM,85.6653,115.004,97.1205,,FY2025-26
2025-05-23,1:00:00 PM,85.6821,115.2213,96.9367,,FY2025-26
2025-05-26,1:00:00 PM,84.9004,115.3683,96.9093,,FY2025-26
2025-05-27,1:00:00 PM,85.322,115.741,97.1306,,FY2025-26
2025-05-28,1:00:00 PM,85.6873,115.4733,96.9072,,FY2025-26
2025-05-29,1:00:00 PM,85.4976,114.9407,96.2595,,FY2025-26
2025-05-30,1:00:00 PM,85.4778,115.142,96.9375,,FY2025-26
2025-06-02,1:00:00 PM,85.4353,115.5957,97.4156,,FY2025-26
2025-06-03,1:00:00 PM,85.4576,115.5586,97.5994,,FY2025-26
2025-06-04,1:00:00 PM,85.9579,116.1354,97.7066,,FY2025-26
2025-06-05,1:00:00 PM,85.773,116.2653,97.8916,,FY2025-26
2025-06-06,1:00:00 PM,85.7883,116.2472,98.1132,,FY2025-26
2025-06-09,1:00:00 PM,85.4984,115.9301,97.6625,,FY2025-26
2025-06-10,1:00:00 PM,85.5949,115.6153,97.613,,FY2025-26
2025-06-11,1:00:00 PM,85.4542,115.2264,97.5642,,FY2025-26
2025-06-12,1:00:00 PM,85.5353,116.0092,98.5475,,FY2025-26
2025-06-13,1:00:00 PM,86.0979,116.5593,99.3151,,FY2025-26
2025-06-16,1:00:00 PM,86.0242,116.7526,99.3958,,FY2025-26
2025-06-17,1:00:00 PM,86.0978,116.8537,99.5916,,FY2025-26
2025-06-18,1:00:00 PM,86.303,116.1759,99.3394,,FY2025-26
2025-06-19,1:00:00 PM,86.6994,116.1581,99.339,,FY2025-26
2025-06-20,1:00:00 PM,86.6133,116.6774,99.756,,FY2025-26
2025-06-23,1:00:00 PM,86.808,116.6451,99.8969,,FY2025-26
2025-06-24,1:00:00 PM,86.1043,117.002,100.0308,,FY2025-26
2025-06-25,1:00:00 PM,85.8732,117.0102,99.7646,,FY2025-26
2025-06-26,1:00:00 PM,85.7528,117.5076,100.1353,,FY2025-26
2025-06-27,1:00:00 PM,85.5594,117.5529,100.1992,,FY2025-26
2025-06-30,1:00:00 PM,85.5439,117.4683,100.4451,,FY2025-26
2025-07-01,1:00:00 PM,85.6179,117.6476,100.8476,,FY2025-26
2025-07-02,1:00:00 PM,85.6928,117.731,101.041,,FY2025-26
2025-07-03,1:00:00 PM,85.5121,116.659,100.8866,,FY2025-26
2025-07-04,1:00:00 PM,85.3886,116.7769,100.5974,,FY2025-26
2025-07-07,1:00:00 PM,85.815,116.7622,100.8629,,FY2025-26
2025-07-08,1:00:00 PM,85.7188,116.817,100.6064,,FY2025-26
2025-07-09,1:00:00 PM,85.7979,116.5765,100.5277,,FY2025-26
2025-07-10,1:00:00 PM,85.578,116.5025,100.4709,,FY2025-26
2025-07-11,1:00:00 PM,85.8536,116.2853,100.285,,FY2025-26
2025-07-14,1:00:00 PM,85.991,115.7009,100.2752,,FY2025-26
2025-07-15,1:00:00 PM,85.8262,115.3458,100.2662,,FY2025-26
2025-07-16,1:00:00 PM,85.8051,115.0521,99.7307,,FY2025-26
2025-07-17,1:00:00 PM,85.9149,114.9891,99.5588,,FY2025-26
2025-07-18,1:00:00 PM,86.2007,115.7302,100.1566,,FY2025-26
2025-07-21,1:00:00 PM,86.2248,115.8148,100.3249,,FY2025-26
2025-07-22,1:00:00 PM,86.2581,116.1977,100.8162,,FY2025-26
2025-07-23,1:00:00 PM,86.3676,116.8392,101.3576,,FY2025-26
2025-07-24,1:00:00 PM,86.3301,117.1275,101.5582,,FY2025-26
2025-07-25,1:00:00 PM,86.5247,116.7939,101.734,,FY2025-26
2025-07-28,1:00:00 PM,86.551,116.0718,101.4083,,FY2025-26
2025-07-29,1:00:00 PM,86.8417,115.7843,100.3624,,FY2025-26
2025-07-30,1:00:00 PM,87.2713,116.5305,100.7978,,FY2025-26
2025-07-31,1:00:00 PM,87.5544,116.2366,100.2486,,FY2025-26
2025-08-01,1:00:00 PM,87.3519,115.3394,99.8828,,FY2025-26
2025-08-04,1:00:00 PM,87.5018,116.2415,101.2734,,FY2025-26
2025-08-05,1:00:00 PM,87.7917,116.6202,101.4246,,FY2025-26
2025-08-06,1:00:00 PM,87.7,116.6948,101.6022,,FY2025-26
2025-08-07,1:00:00 PM,87.6945,117.2668,102.3763,,FY2025-26
2025-08-08,1:00:00 PM,87.6196,117.6649,102.0488,,FY2025-26
2025-08-11,1:00:00 PM,87.5776,117.9612,102.1715,,FY2025-26
2025-08-12,1:00:00 PM,87.6726,117.7928,101.8066,,FY2025-26
2025-08-13,1:00:00 PM,87.6956,118.4849,102.4822,,FY2025-26
2025-08-14,1:00:00 PM,87.4852,118.8195,102.3775,,FY2025-26
2025-08-18,1:00:00 PM,87.4137,118.4106,102.2653,,FY2025-26
2025-08-19,1:00:00 PM,87.1756,117.6801,101.6177,,FY2025-26
2025-08-20,1:00:00 PM,87.0919,117.5305,101.339,,FY2025-26
2025-08-21,1:00:00 PM,86.9741,116.9616,101.1967,,FY2025-26
2025-08-22,1:00:00 PM,87.4375,117.1313,101.3389,,FY2025-26
2025-08-25,1:00:00 PM,87.4174,118.2233,102.4334,,FY2025-26
2025-08-26,1:00:00 PM,87.7414,118.1081,102.0351,,FY2025-26
2025-08-28,1:00:00 PM,87.6559,118.3822,102.0087,,FY2025-26
2025-08-29,1:00:00 PM,87.8514,118.576,102.4728,,FY2025-26
2025-09-01,1:00:00 PM,88.2576,119.3784,103.4579,,FY2025-26
2025-09-02,1:00:00 PM,88.0265,119.0822,103.0162,,FY2025-26
2025-09-03,1:00:00 PM,88.107,117.7826,102.4814,,FY2025-26
2025-09-04,1:00:00 PM,88.1641,118.4344,102.7541,,FY2025-26
2025-09-05,1:00:00 PM,88.3242,118.9185,103.0849,,FY2025-26
2025-09-09,1:00:00 PM,88.1409,119.6425,103.7683,,FY2025-26
2025-09-10,1:00:00 PM,88.1252,119.2481,103.1952,,FY2025-26
2025-09-11,1:00:00 PM,88.2649,119.3253,103.1946,,FY2025-26
2025-09-12,1:00:00 PM,88.2806,119.6555,103.5961,,FY2025-26
2025-09-15,1:00:00 PM,88.269,119.6822,103.4601,,FY2025-26
2025-09-16,1:00:00 PM,88.0461,119.9787,103.7629,,FY2025-26
2025-09-17,1:00:00 PM,87.752,119.706,104.0277,,FY2025-26
2025-09-18,1:00:00 PM,88.1209,119.8344,103.9263,,FY2025-26
2025-09-19,1:00:00 PM,88.3055,119.2519,103.932,,FY2025-26
2025-09-22,1:00:00 PM,88.1447,118.802,103.4901,,FY2025-26
2025-09-23,1:00:00 PM,88.7435,119.8558,104.6605,,FY2025-26
2025-09-24,1:00:00 PM,88.7606,119.8014,104.6541,,FY2025-26
2025-09-25,1:00:00 PM,88.6696,119.3162,104.1685,,FY2025-26
2025-09-26,1:00:00 PM,88.7234,118.496,103.6183,,FY2025-26
2025-09-29,1:00:00 PM,88.7558,119.2777,104.0455,,FY2025-26
2025-09-30,1:00:00 PM,88.7923,119.354,104.222,,FY2025-26
2025-10-01,1:00:00 PM,88.6778,119.4851,104.3649,,FY2025-26
2025-10-03,1:00:00 PM,88.7775,119.3211,104.0804,,FY2025-26
2025-10-06,1:00:00 PM,88.7859,119.3259,103.986,,FY2025-26
2025-10-07,1:00:00 PM,88.7319,119.3752,103.7063,,FY2025-26
2025-10-08,1:00:00 PM,88.7903,118.876,103.082,,FY2025-26
2025-10-09,1:00:00 PM,88.7875,118.8871,103.2534,,FY2025-26
2025-10-10,1:00:00 PM,88.692,118.0136,102.6208,,FY2025-26
2025-10-13,1:00:00 PM,88.7797,118.6434,103.2135,,FY2025-26
2025-10-14,1:00:00 PM,88.7907,118.0798,102.7971,,FY2025-26
2025-10-15,1:00:00 PM,88.2898,117.9899,102.6616,,FY2025-26
2025-10-16,1:00:00 PM,87.9039,117.8762,102.4614,,FY2025-26
2025-10-17,1:00:00 PM,87.9097,118.2749,102.9827,,FY2025-26
2025-10-20,1:00:00 PM,87.7861,117.8499,102.3972,,FY2025-26
2025-10-23,1:00:00 PM,87.9474,117.3934,101.9797,,FY2025-26
2025-10-24,1:00:00 PM,87.7058,116.8498,101.789,,FY2025-26
2025-10-27,1:00:00 PM,88.0637,117.3936,102.4169,,FY2025-26
2025-10-28,1:00:00 PM,88.296,117.9623,102.9596,,FY2025-26
2025-10-29,1:00:00 PM,88.2834,116.8707,102.6771,,FY2025-26
2025-10-30,1:00:00 PM,88.6048,116.9814,102.9753,,FY2025-26
2025-10-31,1:00:00 PM,88.7241,116.6947,102.6745,,FY2025-26
2025-11-03,1:00:00 PM,88.7932,116.6974,102.4348,,FY2025-26
2025-11-04,1:00:00 PM,88.6372,116.3168,102.1384,,FY2025-26
2025-11-06,1:00:00 PM,88.6026,115.751,101.981,,FY2025-26
2025-11-07,1:00:00 PM,88.705,116.3691,102.3041,,FY2025-26
2025-11-10,1:00:00 PM,88.6761,116.6558,102.5332,,FY2025-26
2025-11-11,1:00:00 PM,88.6983,116.8044,102.5435,,FY2025-26
2025-11-12,1:00:00 PM,88.6362,116.4544,102.6431,,FY2025-26
2025-11-13,1:00:00 PM,88.716,116.3924,102.7633,,FY2025-26
2025-11-14,1:00:00 PM,88.742,116.7194,103.3188,,FY2025-26
2025-11-17,1:00:00 PM,88.63,116.445,102.7925,,FY2025-26
2025-11-18,1:00:00 PM,88.6344,116.5844,102.7828,,FY2025-26
2025-11-19,1:00:00 PM,88.4558,116.3152,102.5091,,FY2025-26
2025-11-20,1:00:00 PM,88.6915,115.8376,102.1874,,FY2025-26
2025-11-21,1:00:00 PM,88.6402,116.0791,102.3209,,FY2025-26
2025-11-24,1:00:00 PM,89.1919,116.8997,102.7824,,FY2025-26
2025-11-25,1:00:00 PM,89.2213,116.8966,102.7728,,FY2025-26
2025-11-26,1:00:00 PM,89.2649,117.7755,103.4925,,FY2025-26
2025-11-27,1:00:00 PM,89.2942,118.4166,103.6128,,FY2025-26
2025-11-28,1:00:00 PM,89.4557,118.2694,103.6309,,FY2025-26
2025-12-01,1:00:00 PM,89.7436,118.6285,104.0469,,FY2025-26
2025-12-02,1:00:00 PM,89.8887,118.7699,104.35,,FY2025-26
2025-12-03,1:00:00 PM,90.2697,119.5026,105.1022,,FY2025-26
2025-12-04,1:00:00 PM,90.1865,120.2589,105.1142,,FY2025-26
2025-12-05,1:00:00 PM,89.9238,120.0009,104.8248,,FY2025-26
2025-12-08,1:00:00 PM,90.1745,120.2146,105.1705,,FY2025-26
2025-12-09,1:00:00 PM,89.9644,119.9387,104.7563,,FY2025-26
2025-12-10,1:00:00 PM,89.8822,119.638,104.554,,FY2025-26
2025-12-11,1:00:00 PM,90.3702,120.7707,105.597,,FY2025-26
2025-12-12,1:00:00 PM,90.3883,121.0583,106.0779,,FY2025-26
2025-12-15,1:00:00 PM,90.7228,121.2117,106.4414,,FY2025-26
2025-12-16,1:00:00 PM,91.0202,121.6103,106.9506,,FY2025-26
2025-12-17,1:00:00 PM,90.3291,120.9025,105.9121,,FY2025-26
2025-12-18,1:00:00 PM,90.1303,120.4676,105.8388,,FY2025-26
2025-12-19,1:00:00 PM,90.1975,120.6494,105.6784,,FY2025-26
2025-12-22,1:00:00 PM,89.5467,119.9514,104.9153,,FY2025-26
2025-12-23,1:00:00 PM,89.8314,121.1305,105.7393,,FY2025-26
2025-12-24,1:00:00 PM,89.7703,121.3694,105.9433,,FY2025-26
2025-12-26,1:00:00 PM,89.8296,121.24,105.8522,,FY2025-26
2025-12-29,1:00:00 PM,89.9756,121.4053,105.8407,,FY2025-26
2025-12-30,1:00:00 PM,89.9429,121.5656,105.9269,,FY2025-26
2025-12-31,1:00:00 PM,89.9198,121.0237,105.5557,,FY2025-26
2026-01-01,1:00:00 PM,89.9792,121.2476,105.6915,,FY2025-26
2026-01-02,1:00:00 PM,90.1242,121.351,105.8401,,FY2025-26
2026-01-05,1:00:00 PM,90.2729,121.278,105.523,24.5778,FY2025-26
2026-01-06,1:00:00 PM,90.181,122.2139,105.807,24.5528,FY2025-26
2026-01-07,1:00:00 PM,89.9432,121.4887,105.1784,24.4881,FY2025-26
2026-01-08,1:00:00 PM,89.893,120.972,104.995,24.4747,FY2025-26
2026-01-09,1:00:00 PM,90.1395,121.0201,105.0065,24.5416,FY2025-26
2026-01-12,1:00:00 PM,90.1899,121.1695,105.227,24.555,FY2025-26
2026-01-13,1:00:00 PM,90.2677,121.5689,105.2299,24.5764,FY2025-26
2026-01-14,1:00:00 PM,90.2016,121.1997,105.0482,24.5585,FY2025-26
2026-01-16,1:00:00 PM,90.6497,121.3147,105.2244,24.6805,FY2025-26
2026-01-19,1:00:00 PM,90.9705,121.8841,105.7769,24.7681,FY2025-26
2026-01-20,1:00:00 PM,91.0356,122.3257,106.1918,24.7855,FY2025-26
2026-01-21,1:00:00 PM,91.55,123.0347,107.3106,24.9257,FY2025-26
2026-01-22,1:00:00 PM,91.5826,122.9484,107.0552,24.9345,FY2025-26
2026-01-23,1:00:00 PM,91.6195,123.6246,107.6211,24.9446,FY2025-26
2026-01-27,1:00:00 PM,91.8244,125.6856,109.0635,25.0001,FY2025-26
2026-01-28,1:00:00 PM,91.6945,126.5946,109.9869,24.965,FY2025-26
2026-01-29,1:00:00 PM,91.9644,127.253,110.2273,25.0381,FY2025-26
2026-01-30,1:00:00 PM,91.8983,126.3834,109.5661,25.0204,FY2025-26
2026-02-02,1:00:00 PM,91.6443,125.2429,108.5692,24.9512,FY2025-26
2026-02-03,1:00:00 PM,90.4495,123.8875,106.8558,24.6259,FY2025-26
2026-02-04,1:00:00 PM,90.4693,124.1106,107.0559,24.6313,FY2025-26
2026-02-05,1:00:00 PM,90.3957,123.0328,106.5488,24.611,FY2025-26
2026-02-06,1:00:00 PM,90.4163,122.7431,106.6864,24.6171,FY2025-26
2026-02-09,1:00:00 PM,90.4006,123.0834,107.0458,24.6121,FY2025-26
2026-02-10,1:00:00 PM,90.5773,123.8614,107.8697,24.6606,FY2025-26
2026-02-11,1:00:00 PM,90.5675,123.8384,107.9643,24.6578,FY2025-26
2026-02-12,1:00:00 PM,90.5947,123.358,107.4459,24.665,FY2025-26
2026-02-13,1:00:00 PM,90.7415,123.4459,107.6218,24.7063,FY2025-26
2026-02-16,1:00:00 PM,90.7125,123.7572,107.6497,24.6975,FY2025-26
2026-02-17,1:00:00 PM,90.7744,123.5706,107.5205,24.7141,FY2025-26
2026-02-18,1:00:00 PM,90.6669,122.9262,107.3901,24.6855,FY2025-26
2026-02-20,1:00:00 PM,90.9518,122.2938,106.906,24.7625,FY2025-26
2026-02-23,1:00:00 PM,90.7461,122.7444,107.3042,24.7063,FY2025-26
2026-02-24,1:00:00 PM,90.9661,122.7024,107.1562,24.7661,FY2025-26
2026-02-25,1:00:00 PM,90.9502,123.0144,107.3594,24.7619,FY2025-26
2026-02-26,1:00:00 PM,90.9072,123.2532,107.4432,24.7503,FY2025-26
2026-02-27,1:00:00 PM,90.9542,122.5408,107.3654,24.7628,FY2025-26
2026-03-02,1:00:00 PM,91.4514,122.4449,107.392,24.8983,FY2025-26
2026-03-04,1:00:00 PM,92.2828,122.8622,107.0124,25.1243,FY2025-26
2026-03-05,1:00:00 PM,91.6275,122.046,106.2635,24.9462,FY2025-26
2026-03-06,1:00:00 PM,91.6829,122.4932,106.4139,24.9615,FY2025-26
2026-03-09,1:00:00 PM,92.2639,122.9121,106.5882,25.1194,FY2025-26
2026-03-10,1:00:00 PM,92.0174,123.699,106.996,25.052,FY2025-26
2026-03-11,1:00:00 PM,91.9257,123.6425,106.9611,25.0276,FY2025-26
2026-03-12,1:00:00 PM,92.353,123.4655,106.6197,25.1431,FY2025-26
2026-03-13,1:00:00 PM,92.4405,123.2035,106.3072,25.1669,FY2025-26
2026-03-16,1:00:00 PM,92.3966,122.3707,105.5896,25.1551,FY2025-26
2026-03-17,1:00:00 PM,92.457,122.8267,106.095,25.1713,FY2025-26
2026-03-18,1:00:00 PM,92.4514,123.6371,106.7616,25.1698,FY2025-26
2026-03-20,1:00:00 PM,93.3483,125.1564,107.9436,25.4135,FY2025-26
2026-03-23,1:00:00 PM,93.898,124.8167,108.2231,25.5642,FY2025-26
2026-03-24,1:00:00 PM,93.8792,125.8263,108.7403,25.5583,FY2025-26
2026-03-25,1:00:00 PM,93.9657,125.7631,108.9488,25.5818,FY2025-26
2026-03-27,1:00:00 PM,94.5988,126.1986,109.1594,25.7542,FY2025-26
2026-03-30,1:00:00 PM,94.6543,125.6347,109.0064,25.7694,FY2025-26
