publication_date,filename,official_excel_url,official_pdf_url,status_in_raw_storage,raw_file_path
2020-01-03,2T_03012020834533B5B5EA49C99EE429E580990B98.XLSX,https://rbidocs.rbi.org.in/rdocs/Wss/DOCs/2T_03012020834533B5B5EA49C99EE429E580990B98.XLSX,https://rbidocs.rbi.org.in/rdocs/Wss/PDFs/2T_03012020834533B5B5EA49C99EE429E580990B98.PDF,Pending_Manual_or_Session_Download,
2020-01-10,2T_1001202054E99EA13719440694EB149BC035D121.XLSX,https://rbidocs.rbi.org.in/rdocs/Wss/DOCs/2T_1001202054E99EA13719440694EB149BC035D121.XLSX,https://rbidocs.rbi.org.in/rdocs/Wss/PDFs/2T_1001202054E99EA13719440694EB149BC035D121.PDF,Pending_Manual_or_Session_Download,
2020-01-17,2T_1701202081404F00D51F41DCA80E4084E962C6FF.XLSX,https://rbidocs.rbi.org.in/rdocs/Wss/DOCs/2T_1701202081404F00D51F41DCA80E4084E962C6FF.XLSX,https://rbidocs.rbi.org.in/rdocs/Wss/PDFs/2T_1701202081404F00D51F41DCA80E4084E962C6FF.PDF,Pending_Manual_or_Session_Download,
2020-01-24,2T_24012020CBABCB988BA443FCA7993B4D3A25CC41.XLSX,https://rbidocs.rbi.org.in/rdocs/Wss/DOCs/2T_24012020CBABCB988BA443FCA7993B4D3A25CC41.XLSX,https://rbidocs.rbi.org.in/rdocs/Wss/PDFs/2T_24012020CBABCB988BA443FCA7993B4D3A25CC41.PDF,Pending_Manual_or_Session_Download,
2020-01-31,2T_31012020916E0E05062D411DA3E8F4E14A668FCA.XLSX,https://rbidocs.rbi.org.in/rdocs/Wss/DOCs/2T_31012020916E0E05062D411DA3E8F4E14A668FCA.XLSX,https://rbidocs.rbi.org.in/rdocs/Wss/PDFs/2T_31012020916E0E05062D411DA3E8F4E14A668FCA.PDF,Pending_Manual_or_Session_Download,
2020-02-07,2T_070220209D61481E31BD464589D1CB2A140C1406.XLSX,https://rbidocs.rbi.org.in/rdocs/Wss/DOCs/2T_070220209D61481E31BD464589D1CB2A140C1406.XLSX,https://rbidocs.rbi.org.in/rdocs/Wss/PDFs/2T_070220209D61481E31BD464589D1CB2A140C1406.PDF,Pending_Manual_or_Session_Download,
2020-02-14,2T_1402202059B1384874E649F1AD9038D58E112F43.XLSX,https://rbidocs.rbi.org.in/rdocs/Wss/DOCs/2T_1402202059B1384874E649F1AD9038D58E112F43.XLSX,https://rbidocs.rbi.org.in/rdocs/Wss/PDFs/2T_1402202059B1384874E649F1AD9038D58E112F43.PDF,Pending_Manual_or_Session_Download,
2020-02-21,2T_21022020A21EDDF04E5C47EF8C8A81D303DC5B81.XLSX,https://rbidocs.rbi.org.in/rdocs/Wss/DOCs/2T_21022020A21EDDF04E5C47EF8C8A81D303DC5B81.XLSX,https://rbidocs.rbi.org.in/rdocs/Wss/PDFs/2T_21022020A21EDDF04E5C47EF8C8A81D303DC5B81.PDF,Pending_Manual_or_Session_Download,
2020-02-28,2T_280220201A8DA1DE7DED4D4A8C6458763FB0C3E7.XLSX,https://rbidocs.rbi.org.in/rdocs/Wss/DOCs/2T_280220201A8DA1DE7DED4D4A8C6458763FB0C3E7.XLSX,https://rbidocs.rbi.org.in/rdocs/Wss/PDFs/2T_280220201A8DA1DE7DED4D4A8C6458763FB0C3E7.PDF,Pending_Manual_or_Session_Download,
2020-03-06,2T_06032020FE9516FD7735413E80E73B2F4F805C36.XLSX,https://rbidocs.rbi.org.in/rdocs/Wss/DOCs/2T_06032020FE9516FD7735413E80E73B2F4F805C36.XLSX,https://rbidocs.rbi.org.in/rdocs/Wss/PDFs/2T_06032020FE9516FD7735413E80E73B2F4F805C36.PDF,Pending_Manual_or_Session_Download,
2020-03-13,2T_13032020D88C7CC80FC947B1B1DD779473747F41.XLSX,https://rbidocs.rbi.org.in/rdocs/Wss/DOCs/2T_13032020D88C7CC80FC947B1B1DD779473747F41.XLSX,https://rbidocs.rbi.org.in/rdocs/Wss/PDFs/2T_13032020D88C7CC80FC947B1B1DD779473747F41.PDF,Pending_Manual_or_Session_Download,
2020-03-20,2T_200320205F59F810BDFB454296BC5EAA16B8E368.XLSX,https://rbidocs.rbi.org.in/rdocs/Wss/DOCs/2T_200320205F59F810BDFB454296BC5EAA16B8E368.XLSX,https://rbidocs.rbi.org.in/rdocs/Wss/PDFs/2T_200320205F59F810BDFB454296BC5EAA16B8E368.PDF,Pending_Manual_or_Session_Download,
2020-03-27,2T_27032020FF079D0662074579BC5FC8D3F50B6B15.XLSX,https://rbidocs.rbi.org.in/rdocs/Wss/DOCs/2T_27032020FF079D0662074579BC5FC8D3F50B6B15.XLSX,https://rbidocs.rbi.org.in/rdocs/Wss/PDFs/2T_27032020FF079D0662074579BC5FC8D3F50B6B15.PDF,Pending_Manual_or_Session_Download,
2020-04-03,2T_030420207CDBDE2348764C768F29FC3A45371CB9.XLSX,https://rbidocs.rbi.org.in/rdocs/Wss/DOCs/2T_030420207CDBDE2348764C768F29FC3A45371CB9.XLSX,https://rbidocs.rbi.org.in/rdocs/Wss/PDFs/2T_030420207CDBDE2348764C768F29FC3A45371CB9.PDF,Pending_Manual_or_Session_Download,
2020-04-10,2T_10042020FAFF950982E3416E97C621D8ED420958.XLSX,https://rbidocs.rbi.org.in/rdocs/Wss/DOCs/2T_10042020FAFF950982E3416E97C621D8ED420958.XLSX,https://rbidocs.rbi.org.in/rdocs/Wss/PDFs/2T_10042020FAFF950982E3416E97C621D8ED420958.PDF,Pending_Manual_or_Session_Download,
2020-04-17,2T_17042020AFCAEB19970F43A99B890CC421C7BA5A.XLSX,https://rbidocs.rbi.org.in/rdocs/Wss/DOCs/2T_17042020AFCAEB19970F43A99B890CC421C7BA5A.XLSX,https://rbidocs.rbi.org.in/rdocs/Wss/PDFs/2T_17042020AFCAEB19970F43A99B890CC421C7BA5A.PDF,Pending_Manual_or_Session_Download,
2020-04-24,2T_240420206DDC759B84CE43FBB06696938037149F.XLSX,https://rbidocs.rbi.org.in/rdocs/Wss/DOCs/2T_240420206DDC759B84CE43FBB06696938037149F.XLSX,https://rbidocs.rbi.org.in/rdocs/Wss/PDFs/2T_240420206DDC759B84CE43FBB06696938037149F.PDF,Pending_Manual_or_Session_Download,
2020-05-01,2T_01052020A41B9AFED0104359AF36885B926F548D.XLSX,https://rbidocs.rbi.org.in/rdocs/Wss/DOCs/2T_01052020A41B9AFED0104359AF36885B926F548D.XLSX,https://rbidocs.rbi.org.in/rdocs/Wss/PDFs/2T_01052020A41B9AFED0104359AF36885B926F548D.PDF,Pending_Manual_or_Session_Download,
2020-05-08,2T_08052020B424960A91054CB886D2FC2642AA6031.XLSX,https://rbidocs.rbi.org.in/rdocs/Wss/DOCs/2T_08052020B424960A91054CB886D2FC2642AA6031.XLSX,https://rbidocs.rbi.org.in/rdocs/Wss/PDFs/2T_08052020B424960A91054CB886D2FC2642AA6031.PDF,Pending_Manual_or_Session_Download,
2020-05-15,2T_15052020673EB0D28D064E06BC08F77EFDEABCAF.XLSX,https://rbidocs.rbi.org.in/rdocs/Wss/DOCs/2T_15052020673EB0D28D064E06BC08F77EFDEABCAF.XLSX,https://rbidocs.rbi.org.in/rdocs/Wss/PDFs/2T_15052020673EB0D28D064E06BC08F77EFDEABCAF.PDF,Pending_Manual_or_Session_Download,
2020-05-22,2T_22052020F92613296441418BAD8C4AA2ED5760D9.XLSX,https://rbidocs.rbi.org.in/rdocs/Wss/DOCs/2T_22052020F92613296441418BAD8C4AA2ED5760D9.XLSX,https://rbidocs.rbi.org.in/rdocs/Wss/PDFs/2T_22052020F92613296441418BAD8C4AA2ED5760D9.PDF,Pending_Manual_or_Session_Download,
2020-05-29,2T_29052020DFBFC9E26E544C0695A97A71AF79B83D.XLSX,https://rbidocs.rbi.org.in/rdocs/Wss/DOCs/2T_29052020DFBFC9E26E544C0695A97A71AF79B83D.XLSX,https://rbidocs.rbi.org.in/rdocs/Wss/PDFs/2T_29052020DFBFC9E26E544C0695A97A71AF79B83D.PDF,Pending_Manual_or_Session_Download,
2020-06-05,2T_05062020F5B5D7186CB04BCDB96F403EEF036103.XLSX,https://rbidocs.rbi.org.in/rdocs/Wss/DOCs/2T_05062020F5B5D7186CB04BCDB96F403EEF036103.XLSX,https://rbidocs.rbi.org.in/rdocs/Wss/PDFs/2T_05062020F5B5D7186CB04BCDB96F403EEF036103.PDF,Pending_Manual_or_Session_Download,
2020-06-12,2T_120620205ADDFBF942A04114AFDF77E6275812FD.XLSX,https://rbidocs.rbi.org.in/rdocs/Wss/DOCs/2T_120620205ADDFBF942A04114AFDF77E6275812FD.XLSX,https://rbidocs.rbi.org.in/rdocs/Wss/PDFs/2T_120620205ADDFBF942A04114AFDF77E6275812FD.PDF,Pending_Manual_or_Session_Download,
2020-06-19,2T_19062020820B2BA068034489A0051250B8828AB5.XLSX,https://rbidocs.rbi.org.in/rdocs/Wss/DOCs/2T_19062020820B2BA068034489A0051250B8828AB5.XLSX,https://rbidocs.rbi.org.in/rdocs/Wss/PDFs/2T_19062020820B2BA068034489A0051250B8828AB5.PDF,Pending_Manual_or_Session_Download,
2020-06-26,2T_2606202095903150C631476CBBC61504F9263BE6.XLSX,https://rbidocs.rbi.org.in/rdocs/Wss/DOCs/2T_2606202095903150C631476CBBC61504F9263BE6.XLSX,https://rbidocs.rbi.org.in/rdocs/Wss/PDFs/2T_2606202095903150C631476CBBC61504F9263BE6.PDF,Pending_Manual_or_Session_Download,
2020-07-03,2T_03072020F85CA62625F84BDDB3A22D8FCA60D873.XLSX,https://rbidocs.rbi.org.in/rdocs/Wss/DOCs/2T_03072020F85CA62625F84BDDB3A22D8FCA60D873.XLSX,https://rbidocs.rbi.org.in/rdocs/Wss/PDFs/2T_03072020F85CA62625F84BDDB3A22D8FCA60D873.PDF,Pending_Manual_or_Session_Download,
2020-07-10,2T_1007202021442DB4F6764B3487729C348F79892C.XLSX,https://rbidocs.rbi.org.in/rdocs/Wss/DOCs/2T_1007202021442DB4F6764B3487729C348F79892C.XLSX,https://rbidocs.rbi.org.in/rdocs/Wss/PDFs/2T_1007202021442DB4F6764B3487729C348F79892C.PDF,Pending_Manual_or_Session_Download,
2020-07-17,2T_17072020B0EE44E2CC8542B0A360467E38A9C721.XLSX,https://rbidocs.rbi.org.in/rdocs/Wss/DOCs/2T_17072020B0EE44E2CC8542B0A360467E38A9C721.XLSX,https://rbidocs.rbi.org.in/rdocs/Wss/PDFs/2T_17072020B0EE44E2CC8542B0A360467E38A9C721.PDF,Pending_Manual_or_Session_Download,
2020-07-24,2T_240720203BE053D5684B43AD8E910CA9CFEB5987.XLSX,https://rbidocs.rbi.org.in/rdocs/Wss/DOCs/2T_240720203BE053D5684B43AD8E910CA9CFEB5987.XLSX,https://rbidocs.rbi.org.in/rdocs/Wss/PDFs/2T_240720203BE053D5684B43AD8E910CA9CFEB5987.PDF,Pending_Manual_or_Session_Download,
2020-07-31,2T_31072020CB0DD5B50FD64B4B89EFEE54D6273360.XLSX,https://rbidocs.rbi.org.in/rdocs/Wss/DOCs/2T_31072020CB0DD5B50FD64B4B89EFEE54D6273360.XLSX,https://rbidocs.rbi.org.in/rdocs/Wss/PDFs/2T_31072020CB0DD5B50FD64B4B89EFEE54D6273360.PDF,Pending_Manual_or_Session_Download,
2020-08-07,2T_070820208D19BEBE110F4E9CA714E937902FEF8D.XLSX,https://rbidocs.rbi.org.in/rdocs/Wss/DOCs/2T_070820208D19BEBE110F4E9CA714E937902FEF8D.XLSX,https://rbidocs.rbi.org.in/rdocs/Wss/PDFs/2T_070820208D19BEBE110F4E9CA714E937902FEF8D.PDF,Pending_Manual_or_Session_Download,
2020-08-14,2T_140820202C4ED03D7E934934991FC672A1D4106C.XLSX,https://rbidocs.rbi.org.in/rdocs/Wss/DOCs/2T_140820202C4ED03D7E934934991FC672A1D4106C.XLSX,https://rbidocs.rbi.org.in/rdocs/Wss/PDFs/2T_140820202C4ED03D7E934934991FC672A1D4106C.PDF,Pending_Manual_or_Session_Download,
2020-08-21,2T_21082020B297F515ADFE4793A7B8E772A9ACC6B7.XLSX,https://rbidocs.rbi.org.in/rdocs/Wss/DOCs/2T_21082020B297F515ADFE4793A7B8E772A9ACC6B7.XLSX,https://rbidocs.rbi.org.in/rdocs/Wss/PDFs/2T_21082020B297F515ADFE4793A7B8E772A9ACC6B7.PDF,Pending_Manual_or_Session_Download,
2020-08-28,2T_28082020265F7AC3700B4A31BEE46CB258B75915.XLSX,https://rbidocs.rbi.org.in/rdocs/Wss/DOCs/2T_28082020265F7AC3700B4A31BEE46CB258B75915.XLSX,https://rbidocs.rbi.org.in/rdocs/Wss/PDFs/2T_28082020265F7AC3700B4A31BEE46CB258B75915.PDF,Pending_Manual_or_Session_Download,
2020-09-04,2T_04092020BE193857120849ABAA1BA4FA5E8AC32A.XLSX,https://rbidocs.rbi.org.in/rdocs/Wss/DOCs/2T_04092020BE193857120849ABAA1BA4FA5E8AC32A.XLSX,https://rbidocs.rbi.org.in/rdocs/Wss/PDFs/2T_04092020BE193857120849ABAA1BA4FA5E8AC32A.PDF,Pending_Manual_or_Session_Download,
2020-09-11,02T_11092020CBC94B64A0224BEA8D3211492A324E02.XLSX,https://rbidocs.rbi.org.in/rdocs/Wss/DOCs/02T_11092020CBC94B64A0224BEA8D3211492A324E02.XLSX,https://rbidocs.rbi.org.in/rdocs/Wss/PDFs/02T_11092020CBC94B64A0224BEA8D3211492A324E02.PDF,Pending_Manual_or_Session_Download,
2020-09-18,2T_18092020036D0E959BEA4F0F81813AC74792EB78.XLSX,https://rbidocs.rbi.org.in/rdocs/Wss/DOCs/2T_18092020036D0E959BEA4F0F81813AC74792EB78.XLSX,https://rbidocs.rbi.org.in/rdocs/Wss/PDFs/2T_18092020036D0E959BEA4F0F81813AC74792EB78.PDF,Pending_Manual_or_Session_Download,
2020-09-25,2T_250920202057CA107DB14799A2F5101747383463.XLSX,https://rbidocs.rbi.org.in/rdocs/Wss/DOCs/2T_250920202057CA107DB14799A2F5101747383463.XLSX,https://rbidocs.rbi.org.in/rdocs/Wss/PDFs/2T_250920202057CA107DB14799A2F5101747383463.PDF,Pending_Manual_or_Session_Download,
2020-10-02,2T_021020207FDACFD5A740416C874014ED92BBEC66.XLSX,https://rbidocs.rbi.org.in/rdocs/Wss/DOCs/2T_021020207FDACFD5A740416C874014ED92BBEC66.XLSX,https://rbidocs.rbi.org.in/rdocs/Wss/PDFs/2T_021020207FDACFD5A740416C874014ED92BBEC66.PDF,Pending_Manual_or_Session_Download,
2020-10-09,2T_09102020D54F372DAB584315BFC73478E372B2C0.XLSX,https://rbidocs.rbi.org.in/rdocs/Wss/DOCs/2T_09102020D54F372DAB584315BFC73478E372B2C0.XLSX,https://rbidocs.rbi.org.in/rdocs/Wss/PDFs/2T_09102020D54F372DAB584315BFC73478E372B2C0.PDF,Pending_Manual_or_Session_Download,
2020-10-16,2T_16102020CBBD9B63BD6A4B208398717EF07043F3.XLSX,https://rbidocs.rbi.org.in/rdocs/Wss/DOCs/2T_16102020CBBD9B63BD6A4B208398717EF07043F3.XLSX,https://rbidocs.rbi.org.in/rdocs/Wss/PDFs/2T_16102020CBBD9B63BD6A4B208398717EF07043F3.PDF,Pending_Manual_or_Session_Download,
2020-10-23,2T_23102020CDC1EFC2B5104F3189EAC008C2B9DEE3.XLSX,https://rbidocs.rbi.org.in/rdocs/Wss/DOCs/2T_23102020CDC1EFC2B5104F3189EAC008C2B9DEE3.XLSX,https://rbidocs.rbi.org.in/rdocs/Wss/PDFs/2T_23102020CDC1EFC2B5104F3189EAC008C2B9DEE3.PDF,Pending_Manual_or_Session_Download,
2020-10-30,2T_30102020CB38CB4950964164B76E7258F79738D6.XLSX,https://rbidocs.rbi.org.in/rdocs/Wss/DOCs/2T_30102020CB38CB4950964164B76E7258F79738D6.XLSX,https://rbidocs.rbi.org.in/rdocs/Wss/PDFs/2T_30102020CB38CB4950964164B76E7258F79738D6.PDF,Pending_Manual_or_Session_Download,
2020-11-06,2T_0611202092BFF063B917454C98B4845CA01F354C.XLSX,https://rbidocs.rbi.org.in/rdocs/Wss/DOCs/2T_0611202092BFF063B917454C98B4845CA01F354C.XLSX,https://rbidocs.rbi.org.in/rdocs/Wss/PDFs/2T_0611202092BFF063B917454C98B4845CA01F354C.PDF,Pending_Manual_or_Session_Download,
2020-11-13,2T_1311202099F12A12AF1043C59302EAE8E4976A8F.XLSX,https://rbidocs.rbi.org.in/rdocs/Wss/DOCs/2T_1311202099F12A12AF1043C59302EAE8E4976A8F.XLSX,https://rbidocs.rbi.org.in/rdocs/Wss/PDFs/2T_1311202099F12A12AF1043C59302EAE8E4976A8F.PDF,Pending_Manual_or_Session_Download,
2020-11-20,2T_20112020D0219765BE4D481E876694352ED34E43.XLSX,https://rbidocs.rbi.org.in/rdocs/Wss/DOCs/2T_20112020D0219765BE4D481E876694352ED34E43.XLSX,https://rbidocs.rbi.org.in/rdocs/Wss/PDFs/2T_20112020D0219765BE4D481E876694352ED34E43.PDF,Pending_Manual_or_Session_Download,
2020-11-27,2T_271120206FEEC609FE544EB4B4D4726E8C0931C3.XLSX,https://rbidocs.rbi.org.in/rdocs/Wss/DOCs/2T_271120206FEEC609FE544EB4B4D4726E8C0931C3.XLSX,https://rbidocs.rbi.org.in/rdocs/Wss/PDFs/2T_271120206FEEC609FE544EB4B4D4726E8C0931C3.PDF,Pending_Manual_or_Session_Download,
2020-12-04,2T_04122020BF55AF9FC85C43909E8FD7A62A90F18A.XLSX,https://rbidocs.rbi.org.in/rdocs/Wss/DOCs/2T_04122020BF55AF9FC85C43909E8FD7A62A90F18A.XLSX,https://rbidocs.rbi.org.in/rdocs/Wss/PDFs/2T_04122020BF55AF9FC85C43909E8FD7A62A90F18A.PDF,Pending_Manual_or_Session_Download,
2020-12-11,2T_111220204D77802D112F4A9DAB9529CFCBD1DA39.XLSX,https://rbidocs.rbi.org.in/rdocs/Wss/DOCs/2T_111220204D77802D112F4A9DAB9529CFCBD1DA39.XLSX,https://rbidocs.rbi.org.in/rdocs/Wss/PDFs/2T_111220204D77802D112F4A9DAB9529CFCBD1DA39.PDF,Pending_Manual_or_Session_Download,
2020-12-18,2T_181220200F1AA62D58344B299E51E2CA4F52262F.XLSX,https://rbidocs.rbi.org.in/rdocs/Wss/DOCs/2T_181220200F1AA62D58344B299E51E2CA4F52262F.XLSX,https://rbidocs.rbi.org.in/rdocs/Wss/PDFs/2T_181220200F1AA62D58344B299E51E2CA4F52262F.PDF,Pending_Manual_or_Session_Download,
2020-12-25,2T_25122020527F3859E4C1438399208112DDB53DBD.XLSX,https://rbidocs.rbi.org.in/rdocs/Wss/DOCs/2T_25122020527F3859E4C1438399208112DDB53DBD.XLSX,https://rbidocs.rbi.org.in/rdocs/Wss/PDFs/2T_25122020527F3859E4C1438399208112DDB53DBD.PDF,Pending_Manual_or_Session_Download,
2021-01-01,2T_01012021E1E671C4D97D425688C7369105A6FF30.XLSX,https://rbidocs.rbi.org.in/rdocs/Wss/DOCs/2T_01012021E1E671C4D97D425688C7369105A6FF30.XLSX,https://rbidocs.rbi.org.in/rdocs/Wss/PDFs/2T_01012021E1E671C4D97D425688C7369105A6FF30.PDF,Pending_Manual_or_Session_Download,
2021-01-08,2T_08012021CEB34AD801E947598B648578C01F874D.XLSX,https://rbidocs.rbi.org.in/rdocs/Wss/DOCs/2T_08012021CEB34AD801E947598B648578C01F874D.XLSX,https://rbidocs.rbi.org.in/rdocs/Wss/PDFs/2T_08012021CEB34AD801E947598B648578C01F874D.PDF,Pending_Manual_or_Session_Download,
2021-01-15,2T_15012021AFC037C198F942B5B27E5294287845CB.XLSX,https://rbidocs.rbi.org.in/rdocs/Wss/DOCs/2T_15012021AFC037C198F942B5B27E5294287845CB.XLSX,https://rbidocs.rbi.org.in/rdocs/Wss/PDFs/2T_15012021AFC037C198F942B5B27E5294287845CB.PDF,Pending_Manual_or_Session_Download,
2021-01-22,2T_2201202147A179B8FCF64FE0A30D94BE406956D9.XLSX,https://rbidocs.rbi.org.in/rdocs/Wss/DOCs/2T_2201202147A179B8FCF64FE0A30D94BE406956D9.XLSX,https://rbidocs.rbi.org.in/rdocs/Wss/PDFs/2T_2201202147A179B8FCF64FE0A30D94BE406956D9.PDF,Pending_Manual_or_Session_Download,
2021-01-29,2T_29012021C278291FCF994BC88BF2CCF1A6EF4DFF.XLSX,https://rbidocs.rbi.org.in/rdocs/Wss/DOCs/2T_29012021C278291FCF994BC88BF2CCF1A6EF4DFF.XLSX,https://rbidocs.rbi.org.in/rdocs/Wss/PDFs/2T_29012021C278291FCF994BC88BF2CCF1A6EF4DFF.PDF,Pending_Manual_or_Session_Download,
2021-02-05,2T_05022021722C2407B81B4125BD78B5E1A5F2E3D9.XLSX,https://rbidocs.rbi.org.in/rdocs/Wss/DOCs/2T_05022021722C2407B81B4125BD78B5E1A5F2E3D9.XLSX,https://rbidocs.rbi.org.in/rdocs/Wss/PDFs/2T_05022021722C2407B81B4125BD78B5E1A5F2E3D9.PDF,Pending_Manual_or_Session_Download,
2021-02-12,2T_120220216C203B962BA94A4F88BD53E15E5C1878.XLSX,https://rbidocs.rbi.org.in/rdocs/Wss/DOCs/2T_120220216C203B962BA94A4F88BD53E15E5C1878.XLSX,https://rbidocs.rbi.org.in/rdocs/Wss/PDFs/2T_120220216C203B962BA94A4F88BD53E15E5C1878.PDF,Pending_Manual_or_Session_Download,
2021-02-18,2T_180220211587C9E1456E4513A0F870D252DE4632.XLSX,https://rbidocs.rbi.org.in/rdocs/Wss/DOCs/2T_180220211587C9E1456E4513A0F870D252DE4632.XLSX,https://rbidocs.rbi.org.in/rdocs/Wss/PDFs/2T_190220211587C9E1456E4513A0F870D252DE4632.PDF,Pending_Manual_or_Session_Download,
2021-02-26,2T_260220212B6CA2AB87CA40EAAF3A13659F4BC132.XLSX,https://rbidocs.rbi.org.in/rdocs/Wss/DOCs/2T_260220212B6CA2AB87CA40EAAF3A13659F4BC132.XLSX,https://rbidocs.rbi.org.in/rdocs/Wss/PDFs/2T_260220212B6CA2AB87CA40EAAF3A13659F4BC132.PDF,Pending_Manual_or_Session_Download,
2021-03-05,2T_050320213D9FADB5B0404BCA8335B04DE1899241.XLSX,https://rbidocs.rbi.org.in/rdocs/Wss/DOCs/2T_050320213D9FADB5B0404BCA8335B04DE1899241.XLSX,https://rbidocs.rbi.org.in/rdocs/Wss/PDFs/2T_050320213D9FADB5B0404BCA8335B04DE1899241.PDF,Pending_Manual_or_Session_Download,
2021-03-09,2T_090320219C289746C74F44C89B42226274963C34.XLSX,https://rbidocs.rbi.org.in/rdocs/Wss/DOCs/2T_090320219C289746C74F44C89B42226274963C34.XLSX,https://rbidocs.rbi.org.in/rdocs/Wss/PDFs/2T_090420219C289746C74F44C89B42226274963C34.PDF,Pending_Manual_or_Session_Download,
2021-03-12,2T_120320213593FE120C474C4B8888CBCD70A8243E.XLSX,https://rbidocs.rbi.org.in/rdocs/Wss/DOCs/2T_120320213593FE120C474C4B8888CBCD70A8243E.XLSX,https://rbidocs.rbi.org.in/rdocs/Wss/PDFs/2T_120320213593FE120C474C4B8888CBCD70A8243E.PDF,Pending_Manual_or_Session_Download,
2021-03-19,2T_190320218E341C0913814E2E8FD5E939922F8CCD.XLSX,https://rbidocs.rbi.org.in/rdocs/Wss/DOCs/2T_190320218E341C0913814E2E8FD5E939922F8CCD.XLSX,https://rbidocs.rbi.org.in/rdocs/Wss/PDFs/2T_190320218E341C0913814E2E8FD5E939922F8CCD.PDF,Pending_Manual_or_Session_Download,
2021-03-26,2T_26032021D0EDC0AA4E674A60B07F10B4AB110B99.XLSX,https://rbidocs.rbi.org.in/rdocs/Wss/DOCs/2T_26032021D0EDC0AA4E674A60B07F10B4AB110B99.XLSX,https://rbidocs.rbi.org.in/rdocs/Wss/PDFs/2T_26032021D0EDC0AA4E674A60B07F10B4AB110B99.PDF,Pending_Manual_or_Session_Download,
2021-04-02,2T_02042021DDB9D847AF7848B490C101A8AF6F68FD.XLSX,https://rbidocs.rbi.org.in/rdocs/Wss/DOCs/2T_02042021DDB9D847AF7848B490C101A8AF6F68FD.XLSX,https://rbidocs.rbi.org.in/rdocs/Wss/PDFs/2T_020422021DDB9D847AF7848B490C101A8AF6F68FD.PDF,Pending_Manual_or_Session_Download,
2021-04-16,2T_16042021BC53F67B7B304199ACC11555C4C434D7.XLSX,https://rbidocs.rbi.org.in/rdocs/Wss/DOCs/2T_16042021BC53F67B7B304199ACC11555C4C434D7.XLSX,https://rbidocs.rbi.org.in/rdocs/Wss/PDFs/2T_16042021BC53F67B7B304199ACC11555C4C434D7.PDF,Pending_Manual_or_Session_Download,
2021-04-23,2T_2304202155D264A6DC954058B466CF0E3A6EA2AE.XLSX,https://rbidocs.rbi.org.in/rdocs/Wss/DOCs/2T_2304202155D264A6DC954058B466CF0E3A6EA2AE.XLSX,https://rbidocs.rbi.org.in/rdocs/Wss/PDFs/2T_2304202155D264A6DC954058B466CF0E3A6EA2AE.PDF,Pending_Manual_or_Session_Download,
2021-04-30,2T_30042021E5CC41D6BDD9418FA69CA52ED4C2ECCB.XLSX,https://rbidocs.rbi.org.in/rdocs/Wss/DOCs/2T_30042021E5CC41D6BDD9418FA69CA52ED4C2ECCB.XLSX,https://rbidocs.rbi.org.in/rdocs/Wss/PDFs/2T_30042021E5CC41D6BDD9418FA69CA52ED4C2ECCB.PDF,Pending_Manual_or_Session_Download,
2021-05-07,2T_0705202144F9623079EF4A7796098B85C2C518CB.XLSX,https://rbidocs.rbi.org.in/rdocs/Wss/DOCs/2T_0705202144F9623079EF4A7796098B85C2C518CB.XLSX,https://rbidocs.rbi.org.in/rdocs/Wss/PDFs/2T_0705202144F9623079EF4A7796098B85C2C518CB.PDF,Pending_Manual_or_Session_Download,
2021-05-21,2T_210520214EBC4B979C7645E3893EBD253CE7195C.XLSX,https://rbidocs.rbi.org.in/rdocs/Wss/DOCs/2T_210520214EBC4B979C7645E3893EBD253CE7195C.XLSX,https://rbidocs.rbi.org.in/rdocs/Wss/PDFs/2T_210520214EBC4B979C7645E3893EBD253CE7195C.PDF,Pending_Manual_or_Session_Download,
2021-05-28,2T_280520211926F7806FCC4ECEBA4DB4A1D7432B9C.XLSX,https://rbidocs.rbi.org.in/rdocs/Wss/DOCs/2T_280520211926F7806FCC4ECEBA4DB4A1D7432B9C.XLSX,https://rbidocs.rbi.org.in/rdocs/Wss/PDFs/2T_280520211926F7806FCC4ECEBA4DB4A1D7432B9C.PDF,Pending_Manual_or_Session_Download,
2021-06-04,2T_0406202170CD5B3A8ED14AF993D1AA4E303AFB58.XLSX,https://rbidocs.rbi.org.in/rdocs/Wss/DOCs/2T_0406202170CD5B3A8ED14AF993D1AA4E303AFB58.XLSX,https://rbidocs.rbi.org.in/rdocs/Wss/PDFs/2T_0406202170CD5B3A8ED14AF993D1AA4E303AFB58.PDF,Pending_Manual_or_Session_Download,
2021-06-11,2T_11062021173DC44D2353445C9BED844D7C1BC027.XLSX,https://rbidocs.rbi.org.in/rdocs/Wss/DOCs/2T_11062021173DC44D2353445C9BED844D7C1BC027.XLSX,https://rbidocs.rbi.org.in/rdocs/Wss/PDFs/2T_11062021173DC44D2353445C9BED844D7C1BC027.PDF,Pending_Manual_or_Session_Download,
2021-06-18,2T_18062021C2AB02D74E124275A1720C1883E77980.XLSX,https://rbidocs.rbi.org.in/rdocs/Wss/DOCs/2T_18062021C2AB02D74E124275A1720C1883E77980.XLSX,https://rbidocs.rbi.org.in/rdocs/Wss/PDFs/2T_18062021C2AB02D74E124275A1720C1883E77980.PDF,Pending_Manual_or_Session_Download,
2021-06-25,2T_25062021EB9E9051F1A24EC1A4A7485FCFE28429.XLSX,https://rbidocs.rbi.org.in/rdocs/Wss/DOCs/2T_25062021EB9E9051F1A24EC1A4A7485FCFE28429.XLSX,https://rbidocs.rbi.org.in/rdocs/Wss/PDFs/2T_25062021EB9E9051F1A24EC1A4A7485FCFE28429.PDF,Pending_Manual_or_Session_Download,
2021-07-02,2T_02072021FF95783C8A5C4933804D656C70F2C166.XLSX,https://rbidocs.rbi.org.in/rdocs/Wss/DOCs/2T_02072021FF95783C8A5C4933804D656C70F2C166.XLSX,https://rbidocs.rbi.org.in/rdocs/Wss/PDFs/2T_02072021FF95783C8A5C4933804D656C70F2C166.PDF,Pending_Manual_or_Session_Download,
2021-07-09,2T_09072021DB073D77E7A1402EAA17A6837571692B.XLSX,https://rbidocs.rbi.org.in/rdocs/Wss/DOCs/2T_09072021DB073D77E7A1402EAA17A6837571692B.XLSX,https://rbidocs.rbi.org.in/rdocs/Wss/PDFs/2T_09072021DB073D77E7A1402EAA17A6837571692B.PDF,Pending_Manual_or_Session_Download,
2021-07-16,2T_16072021FE633DB4DE9840D8B9E8F3EFF4B53C53.XLSX,https://rbidocs.rbi.org.in/rdocs/Wss/DOCs/2T_16072021FE633DB4DE9840D8B9E8F3EFF4B53C53.XLSX,https://rbidocs.rbi.org.in/rdocs/Wss/PDFs/2T_16072021FE633DB4DE9840D8B9E8F3EFF4B53C53.PDF,Pending_Manual_or_Session_Download,
2021-07-23,2T_23072021C674D39DB14A48CC9BA87716A7E28920.XLSX,https://rbidocs.rbi.org.in/rdocs/Wss/DOCs/2T_23072021C674D39DB14A48CC9BA87716A7E28920.XLSX,https://rbidocs.rbi.org.in/rdocs/Wss/PDFs/2T_23072021C674D39DB14A48CC9BA87716A7E28920.PDF,Pending_Manual_or_Session_Download,
2021-07-30,2T_30072021FDF3B6C4C481479E95B7068EE9CAEEC9.XLSX,https://rbidocs.rbi.org.in/rdocs/Wss/DOCs/2T_30072021FDF3B6C4C481479E95B7068EE9CAEEC9.XLSX,https://rbidocs.rbi.org.in/rdocs/Wss/PDFs/2T_30072021FDF3B6C4C481479E95B7068EE9CAEEC9.PDF,Pending_Manual_or_Session_Download,
2021-08-06,2T_060820212CE57749B14B41209DC96951A8766CDA.XLSX,https://rbidocs.rbi.org.in/rdocs/Wss/DOCs/2T_060820212CE57749B14B41209DC96951A8766CDA.XLSX,https://rbidocs.rbi.org.in/rdocs/Wss/PDFs/2T_060820212CE57749B14B41209DC96951A8766CDA.PDF,Pending_Manual_or_Session_Download,
2021-08-13,2T_1308202152FB2EF70A8E4F38A5E210A30058A5FF.XLSX,https://rbidocs.rbi.org.in/rdocs/Wss/DOCs/2T_1308202152FB2EF70A8E4F38A5E210A30058A5FF.XLSX,https://rbidocs.rbi.org.in/rdocs/Wss/PDFs/2T_1308202152FB2EF70A8E4F38A5E210A30058A5FF.PDF,Pending_Manual_or_Session_Download,
2021-08-20,2T_200820215B054FFBB3B64580B6F5FB9BCFF3A284.XLSX,https://rbidocs.rbi.org.in/rdocs/Wss/DOCs/2T_200820215B054FFBB3B64580B6F5FB9BCFF3A284.XLSX,https://rbidocs.rbi.org.in/rdocs/Wss/PDFs/2T_200820215B054FFBB3B64580B6F5FB9BCFF3A284.PDF,Pending_Manual_or_Session_Download,
2021-08-27,2T_270820218F878380088B48A081BED22E85091653.XLSX,https://rbidocs.rbi.org.in/rdocs/Wss/DOCs/2T_270820218F878380088B48A081BED22E85091653.XLSX,https://rbidocs.rbi.org.in/rdocs/Wss/PDFs/2T_270820218F878380088B48A081BED22E85091653.PDF,Pending_Manual_or_Session_Download,
2021-09-03,2T_03092021A58DCE2E09D343C9B94641C69A51B943.XLSX,https://rbidocs.rbi.org.in/rdocs/Wss/DOCs/2T_03092021A58DCE2E09D343C9B94641C69A51B943.XLSX,https://rbidocs.rbi.org.in/rdocs/Wss/PDFs/2T_03092021A58DCE2E09D343C9B94641C69A51B943.PDF,Pending_Manual_or_Session_Download,
2021-09-10,2T_100920217137A0FF319A401AB74C876B3F4AB841.XLSX,https://rbidocs.rbi.org.in/rdocs/Wss/DOCs/2T_100920217137A0FF319A401AB74C876B3F4AB841.XLSX,https://rbidocs.rbi.org.in/rdocs/Wss/PDFs/2T_100920217137A0FF319A401AB74C876B3F4AB841.PDF,Pending_Manual_or_Session_Download,
2021-09-17,2T_17092021BB20625885714E0FBC005AE793EC05B7.XLSX,https://rbidocs.rbi.org.in/rdocs/Wss/DOCs/2T_17092021BB20625885714E0FBC005AE793EC05B7.XLSX,https://rbidocs.rbi.org.in/rdocs/Wss/PDFs/2T_17092021BB20625885714E0FBC005AE793EC05B7.PDF,Pending_Manual_or_Session_Download,
2021-09-24,2T_24092021441935D3DED740238F57CB6451110EDA.XLSX,https://rbidocs.rbi.org.in/rdocs/Wss/DOCs/2T_24092021441935D3DED740238F57CB6451110EDA.XLSX,https://rbidocs.rbi.org.in/rdocs/Wss/PDFs/2T_24092021441935D3DED740238F57CB6451110EDA.PDF,Pending_Manual_or_Session_Download,
2021-10-01,2T_01102021F838B371AC5E49A5BF11806038645DF9.XLSX,https://rbidocs.rbi.org.in/rdocs/Wss/DOCs/2T_01102021F838B371AC5E49A5BF11806038645DF9.XLSX,https://rbidocs.rbi.org.in/rdocs/Wss/PDFs/2T_01102021F838B371AC5E49A5BF11806038645DF9.PDF,Pending_Manual_or_Session_Download,
2021-10-08,2T_0810202171B029D7389E4C908266029C344DA1F4.XLSX,https://rbidocs.rbi.org.in/rdocs/Wss/DOCs/2T_0810202171B029D7389E4C908266029C344DA1F4.XLSX,https://rbidocs.rbi.org.in/rdocs/Wss/PDFs/2T_0810202171B029D7389E4C908266029C344DA1F4.PDF,Pending_Manual_or_Session_Download,
2021-10-15,2T_15102021308C1542CF104B1CBDE8BC06F97733B2.XLSX,https://rbidocs.rbi.org.in/rdocs/Wss/DOCs/2T_15102021308C1542CF104B1CBDE8BC06F97733B2.XLSX,https://rbidocs.rbi.org.in/rdocs/Wss/PDFs/2T_15102021308C1542CF104B1CBDE8BC06F97733B2.PDF,Pending_Manual_or_Session_Download,
2021-10-22,2T_2210202199693C2E70124210ACDAAD18ED86EC77.XLSX,https://rbidocs.rbi.org.in/rdocs/Wss/DOCs/2T_2210202199693C2E70124210ACDAAD18ED86EC77.XLSX,https://rbidocs.rbi.org.in/rdocs/Wss/PDFs/2T_2210202199693C2E70124210ACDAAD18ED86EC77.PDF,Pending_Manual_or_Session_Download,
2021-10-29,2T_2910202181525D8210064DC4967D143D7CE4A125.XLSX,https://rbidocs.rbi.org.in/rdocs/Wss/DOCs/2T_2910202181525D8210064DC4967D143D7CE4A125.XLSX,https://rbidocs.rbi.org.in/rdocs/Wss/PDFs/2T_2910202181525D8210064DC4967D143D7CE4A125.PDF,Pending_Manual_or_Session_Download,
2021-11-05,2T_05112021DB1EDFB75722404682CA03D1465770ED.XLSX,https://rbidocs.rbi.org.in/rdocs/Wss/DOCs/2T_05112021DB1EDFB75722404682CA03D1465770ED.XLSX,https://rbidocs.rbi.org.in/rdocs/Wss/PDFs/2T_05112021DB1EDFB75722404682CA03D1465770ED.PDF,Pending_Manual_or_Session_Download,
2021-11-12,2T_12112021DC04427A8FA24E70B3E825596E0F7AFD.XLSX,https://rbidocs.rbi.org.in/rdocs/Wss/DOCs/2T_12112021DC04427A8FA24E70B3E825596E0F7AFD.XLSX,https://rbidocs.rbi.org.in/rdocs/Wss/PDFs/2T_12112021DC04427A8FA24E70B3E825596E0F7AFD.PDF,Pending_Manual_or_Session_Download,
2021-11-19,2T_19112021B237F71513424722ACF259E42CDE36ED.XLSX,https://rbidocs.rbi.org.in/rdocs/Wss/DOCs/2T_19112021B237F71513424722ACF259E42CDE36ED.XLSX,https://rbidocs.rbi.org.in/rdocs/Wss/PDFs/2T_19112021B237F71513424722ACF259E42CDE36ED.PDF,Pending_Manual_or_Session_Download,
2021-11-26,2T_2611202193E57CCF5C9140EEAB2068EDC98CD9EA.XLSX,https://rbidocs.rbi.org.in/rdocs/Wss/DOCs/2T_2611202193E57CCF5C9140EEAB2068EDC98CD9EA.XLSX,https://rbidocs.rbi.org.in/rdocs/Wss/PDFs/2T_2611202193E57CCF5C9140EEAB2068EDC98CD9EA.PDF,Pending_Manual_or_Session_Download,
2021-12-03,2T_031220210DEE94DFF4224D1F9006C20E48F1DF98.XLSX,https://rbidocs.rbi.org.in/rdocs/Wss/DOCs/2T_031220210DEE94DFF4224D1F9006C20E48F1DF98.XLSX,https://rbidocs.rbi.org.in/rdocs/Wss/PDFs/2T_031220210DEE94DFF4224D1F9006C20E48F1DF98.PDF,Pending_Manual_or_Session_Download,
2021-12-10,2T_101220218615146972CA476888CAADCA376275F2.XLSX,https://rbidocs.rbi.org.in/rdocs/Wss/DOCs/2T_101220218615146972CA476888CAADCA376275F2.XLSX,https://rbidocs.rbi.org.in/rdocs/Wss/PDFs/2T_101220218615146972CA476888CAADCA376275F2.PDF,Pending_Manual_or_Session_Download,
2021-12-17,2T_171220216484F6214F254C3B8AA42B82B11BAC0A.XLSX,https://rbidocs.rbi.org.in/rdocs/Wss/DOCs/2T_171220216484F6214F254C3B8AA42B82B11BAC0A.XLSX,https://rbidocs.rbi.org.in/rdocs/Wss/PDFs/2T_171220216484F6214F254C3B8AA42B82B11BAC0A.PDF,Pending_Manual_or_Session_Download,
2021-12-31,2T_31122021BE971632877A412189125246046196C8.XLSX,https://rbidocs.rbi.org.in/rdocs/Wss/DOCs/2T_31122021BE971632877A412189125246046196C8.XLSX,https://rbidocs.rbi.org.in/rdocs/Wss/PDFs/2T_31122021BE971632877A412189125246046196C8.PDF,Pending_Manual_or_Session_Download,
2022-01-07,2T_07012022E94751AC393B4E9B844E1DDF7FCFE515.XLSX,https://rbidocs.rbi.org.in/rdocs/Wss/DOCs/2T_07012022E94751AC393B4E9B844E1DDF7FCFE515.XLSX,https://rbidocs.rbi.org.in/rdocs/Wss/PDFs/2T_07012022E94751AC393B4E9B844E1DDF7FCFE515.PDF,Pending_Manual_or_Session_Download,
2022-01-14,2T_14012022D5E7D8B9829E4D7AA36C1C0A99E91531.XLSX,https://rbidocs.rbi.org.in/rdocs/Wss/DOCs/2T_14012022D5E7D8B9829E4D7AA36C1C0A99E91531.XLSX,https://rbidocs.rbi.org.in/rdocs/Wss/PDFs/2T_14012022D5E7D8B9829E4D7AA36C1C0A99E91531.PDF,Pending_Manual_or_Session_Download,
2022-01-21,2T_210120228239B0ED2DCA4D58961A82F77781D951.XLSX,https://rbidocs.rbi.org.in/rdocs/Wss/DOCs/2T_210120228239B0ED2DCA4D58961A82F77781D951.XLSX,https://rbidocs.rbi.org.in/rdocs/Wss/PDFs/2T_210120228239B0ED2DCA4D58961A82F77781D951.PDF,Pending_Manual_or_Session_Download,
2022-01-28,2T_280120223B181C1EF10F42B78A1DFF22CC014F06.XLSX,https://rbidocs.rbi.org.in/rdocs/Wss/DOCs/2T_280120223B181C1EF10F42B78A1DFF22CC014F06.XLSX,https://rbidocs.rbi.org.in/rdocs/Wss/PDFs/2T_280120223B181C1EF10F42B78A1DFF22CC014F06.PDF,Pending_Manual_or_Session_Download,
2022-02-04,2T_04022022830A02A767104F37AD680B557E9E3AB7.XLSX,https://rbidocs.rbi.org.in/rdocs/Wss/DOCs/2T_04022022830A02A767104F37AD680B557E9E3AB7.XLSX,https://rbidocs.rbi.org.in/rdocs/Wss/PDFs/2T_04022022830A02A767104F37AD680B557E9E3AB7.PDF,Pending_Manual_or_Session_Download,
2022-02-11,2T_110220221A51A95E5DC14AFD8AA439CA0D408396.XLSX,https://rbidocs.rbi.org.in/rdocs/Wss/DOCs/2T_110220221A51A95E5DC14AFD8AA439CA0D408396.XLSX,https://rbidocs.rbi.org.in/rdocs/Wss/PDFs/2T_110220221A51A95E5DC14AFD8AA439CA0D408396.PDF,Pending_Manual_or_Session_Download,
2022-02-18,2T_180220222CD4FBAF8335441784FA10892FE5B6DB.XLSX,https://rbidocs.rbi.org.in/rdocs/Wss/DOCs/2T_180220222CD4FBAF8335441784FA10892FE5B6DB.XLSX,https://rbidocs.rbi.org.in/rdocs/Wss/PDFs/2T_180220222CD4FBAF8335441784FA10892FE5B6DB.PDF,Pending_Manual_or_Session_Download,
2022-02-25,2T_2502202235DDA6447D60448DB62D48B234083147.XLSX,https://rbidocs.rbi.org.in/rdocs/Wss/DOCs/2T_2502202235DDA6447D60448DB62D48B234083147.XLSX,https://rbidocs.rbi.org.in/rdocs/Wss/PDFs/2T_2502202235DDA6447D60448DB62D48B234083147.PDF,Pending_Manual_or_Session_Download,
2022-03-04,2T_040320224F37ED9DC8DA4D218ADDC2EAF2D0AB7D.XLSX,https://rbidocs.rbi.org.in/rdocs/Wss/DOCs/2T_040320224F37ED9DC8DA4D218ADDC2EAF2D0AB7D.XLSX,https://rbidocs.rbi.org.in/rdocs/Wss/PDFs/2T_040320224F37ED9DC8DA4D218ADDC2EAF2D0AB7D.PDF,Pending_Manual_or_Session_Download,
2022-03-11,2T_11032022C7CC2EEFA93F4E56A81B3D2038403569.XLSX,https://rbidocs.rbi.org.in/rdocs/Wss/DOCs/2T_11032022C7CC2EEFA93F4E56A81B3D2038403569.XLSX,https://rbidocs.rbi.org.in/rdocs/Wss/PDFs/2T_11032022C7CC2EEFA93F4E56A81B3D2038403569.PDF,Pending_Manual_or_Session_Download,
2022-03-18,2T_18032022AB0B562590974264B08C0FE2B4B7722A.XLSX,https://rbidocs.rbi.org.in/rdocs/Wss/DOCs/2T_18032022AB0B562590974264B08C0FE2B4B7722A.XLSX,https://rbidocs.rbi.org.in/rdocs/Wss/PDFs/2T_18032022AB0B562590974264B08C0FE2B4B7722A.PDF,Pending_Manual_or_Session_Download,
2022-03-23,2T_230320225E7B7D7A73554BD4988F2C2D1F2F2215.XLSX,https://rbidocs.rbi.org.in/rdocs/Wss/DOCs/2T_230320225E7B7D7A73554BD4988F2C2D1F2F2215.XLSX,https://rbidocs.rbi.org.in/rdocs/Wss/PDFs/2T_250320225E7B7D7A73554BD4988F2C2D1F2F2215.PDF,Pending_Manual_or_Session_Download,
2022-04-01,2T_01042022972632DFA62A4A4690864CA2E35F42C4.XLSX,https://rbidocs.rbi.org.in/rdocs/Wss/DOCs/2T_01042022972632DFA62A4A4690864CA2E35F42C4.XLSX,https://rbidocs.rbi.org.in/rdocs/Wss/PDFs/2T_01042022972632DFA62A4A4690864CA2E35F42C4.PDF,Pending_Manual_or_Session_Download,
2022-04-08,2T_080420229E1F1FE6A2FA46AFB752C3A554356658.XLSX,https://rbidocs.rbi.org.in/rdocs/Wss/DOCs/2T_080420229E1F1FE6A2FA46AFB752C3A554356658.XLSX,https://rbidocs.rbi.org.in/rdocs/Wss/PDFs/2T_080420229E1F1FE6A2FA46AFB752C3A554356658.PDF,Pending_Manual_or_Session_Download,
2022-04-15,2T_15042022C3553048D6EC4F3DA099ADE6E8F2218E.XLSX,https://rbidocs.rbi.org.in/rdocs/Wss/DOCs/2T_15042022C3553048D6EC4F3DA099ADE6E8F2218E.XLSX,https://rbidocs.rbi.org.in/rdocs/Wss/PDFs/2T_15042022C3553048D6EC4F3DA099ADE6E8F2218E.PDF,Pending_Manual_or_Session_Download,
2022-04-22,2T_220420226FC746D100CF4961AD1A2A2C1948C6AB.XLSX,https://rbidocs.rbi.org.in/rdocs/Wss/DOCs/2T_220420226FC746D100CF4961AD1A2A2C1948C6AB.XLSX,https://rbidocs.rbi.org.in/rdocs/Wss/PDFs/2T_220420226FC746D100CF4961AD1A2A2C1948C6AB.PDF,Pending_Manual_or_Session_Download,
2022-04-29,2T_290420220DC0D7539C0A49578858B8099FB1F32F.XLSX,https://rbidocs.rbi.org.in/rdocs/Wss/DOCs/2T_290420220DC0D7539C0A49578858B8099FB1F32F.XLSX,https://rbidocs.rbi.org.in/rdocs/Wss/PDFs/2T_290420220DC0D7539C0A49578858B8099FB1F32F.PDF,Pending_Manual_or_Session_Download,
2022-05-06,2T_06052022C7F413C5272E43A591B825AFB20DF17A.XLSX,https://rbidocs.rbi.org.in/rdocs/Wss/DOCs/2T_06052022C7F413C5272E43A591B825AFB20DF17A.XLSX,https://rbidocs.rbi.org.in/rdocs/Wss/PDFs/2T_06052022C7F413C5272E43A591B825AFB20DF17A.PDF,Pending_Manual_or_Session_Download,
2022-05-13,2T_130520227DA74CD5A7C6445EAC3E71CE513415CC.XLSX,https://rbidocs.rbi.org.in/rdocs/Wss/DOCs/2T_130520227DA74CD5A7C6445EAC3E71CE513415CC.XLSX,https://rbidocs.rbi.org.in/rdocs/Wss/PDFs/2T_130520227DA74CD5A7C6445EAC3E71CE513415CC.PDF,Pending_Manual_or_Session_Download,
2022-05-20,2T_200520229240585EC370406EA8839F5765A23D06.XLSX,https://rbidocs.rbi.org.in/rdocs/Wss/DOCs/2T_200520229240585EC370406EA8839F5765A23D06.XLSX,https://rbidocs.rbi.org.in/rdocs/Wss/PDFs/2T_200520229240585EC370406EA8839F5765A23D06.PDF,Pending_Manual_or_Session_Download,
2022-05-27,2T_270520221CE6BD1E44E440B08DC2E76B813C977F.XLSX,https://rbidocs.rbi.org.in/rdocs/Wss/DOCs/2T_270520221CE6BD1E44E440B08DC2E76B813C977F.XLSX,https://rbidocs.rbi.org.in/rdocs/Wss/PDFs/2T_270520221CE6BD1E44E440B08DC2E76B813C977F.PDF,Pending_Manual_or_Session_Download,
2022-06-03,2T_03062022983729AA7724467798713B89FF611117.XLSX,https://rbidocs.rbi.org.in/rdocs/Wss/DOCs/2T_03062022983729AA7724467798713B89FF611117.XLSX,https://rbidocs.rbi.org.in/rdocs/Wss/PDFs/2T_03062022983729AA7724467798713B89FF611117.PDF,Pending_Manual_or_Session_Download,
2022-06-10,2T_100620220E1647EC5A8F4C2AACD74A209EE89723.XLSX,https://rbidocs.rbi.org.in/rdocs/Wss/DOCs/2T_100620220E1647EC5A8F4C2AACD74A209EE89723.XLSX,https://rbidocs.rbi.org.in/rdocs/Wss/PDFs/2T_100620220E1647EC5A8F4C2AACD74A209EE89723.PDF,Pending_Manual_or_Session_Download,
2022-06-17,2T_1706202255310F97F21E4657963A231B085D9849.XLSX,https://rbidocs.rbi.org.in/rdocs/Wss/DOCs/2T_1706202255310F97F21E4657963A231B085D9849.XLSX,https://rbidocs.rbi.org.in/rdocs/Wss/PDFs/2T_1706202255310F97F21E4657963A231B085D9849.PDF,Pending_Manual_or_Session_Download,
2022-06-24,2T_24062022FD9354623B9747B782FEE58F74824CEE.XLSX,https://rbidocs.rbi.org.in/rdocs/Wss/DOCs/2T_24062022FD9354623B9747B782FEE58F74824CEE.XLSX,https://rbidocs.rbi.org.in/rdocs/Wss/PDFs/2T_24062022FD9354623B9747B782FEE58F74824CEE.PDF,Pending_Manual_or_Session_Download,
2022-07-01,2T_010720227C5AE622381E4BC1916758883859D8E5.XLSX,https://rbidocs.rbi.org.in/rdocs/Wss/DOCs/2T_010720227C5AE622381E4BC1916758883859D8E5.XLSX,https://rbidocs.rbi.org.in/rdocs/Wss/PDFs/2T_010720227C5AE622381E4BC1916758883859D8E5.PDF,Pending_Manual_or_Session_Download,
2022-07-08,2T_08072022358D64D2CD3E4136A0B456E7BC5214DF.XLSX,https://rbidocs.rbi.org.in/rdocs/Wss/DOCs/2T_08072022358D64D2CD3E4136A0B456E7BC5214DF.XLSX,https://rbidocs.rbi.org.in/rdocs/Wss/PDFs/2T_08072022358D64D2CD3E4136A0B456E7BC5214DF.PDF,Pending_Manual_or_Session_Download,
2022-07-15,2T_1507202258970629D61D4BA486140D10F9B57C90.XLSX,https://rbidocs.rbi.org.in/rdocs/Wss/DOCs/2T_1507202258970629D61D4BA486140D10F9B57C90.XLSX,https://rbidocs.rbi.org.in/rdocs/Wss/PDFs/2T_1507202258970629D61D4BA486140D10F9B57C90.PDF,Pending_Manual_or_Session_Download,
2022-07-22,2T_220720229CC33CBE1FB74B8B9A346E6EB43ED891.XLSX,https://rbidocs.rbi.org.in/rdocs/Wss/DOCs/2T_220720229CC33CBE1FB74B8B9A346E6EB43ED891.XLSX,https://rbidocs.rbi.org.in/rdocs/Wss/PDFs/2T_220720229CC33CBE1FB74B8B9A346E6EB43ED891.PDF,Pending_Manual_or_Session_Download,
2022-07-29,2T_29072022CFFC0CB88F954FE6B4E056BBE276E9B2.XLSX,https://rbidocs.rbi.org.in/rdocs/Wss/DOCs/2T_29072022CFFC0CB88F954FE6B4E056BBE276E9B2.XLSX,https://rbidocs.rbi.org.in/rdocs/Wss/PDFs/2T_29072022CFFC0CB88F954FE6B4E056BBE276E9B2.PDF,Pending_Manual_or_Session_Download,
2022-08-05,2T_0508202242E70A3138924D16B387BF00EEC20075.XLSX,https://rbidocs.rbi.org.in/rdocs/Wss/DOCs/2T_0508202242E70A3138924D16B387BF00EEC20075.XLSX,https://rbidocs.rbi.org.in/rdocs/Wss/PDFs/2T_0508202242E70A3138924D16B387BF00EEC20075.PDF,Pending_Manual_or_Session_Download,
2022-08-12,2T_12082022C489AB3DC7FA45939405C6408A91220E.XLSX,https://rbidocs.rbi.org.in/rdocs/Wss/DOCs/2T_12082022C489AB3DC7FA45939405C6408A91220E.XLSX,https://rbidocs.rbi.org.in/rdocs/Wss/PDFs/2T_12082022C489AB3DC7FA45939405C6408A91220E.PDF,Pending_Manual_or_Session_Download,
2022-08-19,2T_190820228F9CF6B07002415582D6D941AA733517.XLSX,https://rbidocs.rbi.org.in/rdocs/Wss/DOCs/2T_190820228F9CF6B07002415582D6D941AA733517.XLSX,https://rbidocs.rbi.org.in/rdocs/Wss/PDFs/2T_190820228F9CF6B07002415582D6D941AA733517.PDF,Pending_Manual_or_Session_Download,
2022-08-26,2T_26082022AC8C8D6C2489423CAE42FDFC7545D3BD.XLSX,https://rbidocs.rbi.org.in/rdocs/Wss/DOCs/2T_26082022AC8C8D6C2489423CAE42FDFC7545D3BD.XLSX,https://rbidocs.rbi.org.in/rdocs/Wss/PDFs/2T_26082022AC8C8D6C2489423CAE42FDFC7545D3BD.PDF,Pending_Manual_or_Session_Download,
2022-09-02,2T_020920229414176D410F4EADA1C05B066B333A23.XLSX,https://rbidocs.rbi.org.in/rdocs/Wss/DOCs/2T_020920229414176D410F4EADA1C05B066B333A23.XLSX,https://rbidocs.rbi.org.in/rdocs/Wss/PDFs/2T_020920229414176D410F4EADA1C05B066B333A23.PDF,Pending_Manual_or_Session_Download,
2022-09-09,2T_0909202207610512CD694EDC938D3637D4666454.XLSX,https://rbidocs.rbi.org.in/rdocs/Wss/DOCs/2T_0909202207610512CD694EDC938D3637D4666454.XLSX,https://rbidocs.rbi.org.in/rdocs/Wss/PDFs/2T_0909202207610512CD694EDC938D3637D4666454.PDF,Pending_Manual_or_Session_Download,
2022-09-16,2T_16092022BD2DABF9DE3F48A68B69AA4D2922CEF0.XLSX,https://rbidocs.rbi.org.in/rdocs/Wss/DOCs/2T_16092022BD2DABF9DE3F48A68B69AA4D2922CEF0.XLSX,https://rbidocs.rbi.org.in/rdocs/Wss/PDFs/2T_16092022BD2DABF9DE3F48A68B69AA4D2922CEF0.PDF,Pending_Manual_or_Session_Download,
2022-09-23,2T_23092022D79C6C854C8C466A9E412F5580BE7B6D.XLSX,https://rbidocs.rbi.org.in/rdocs/Wss/DOCs/2T_23092022D79C6C854C8C466A9E412F5580BE7B6D.XLSX,https://rbidocs.rbi.org.in/rdocs/Wss/PDFs/2T_23092022D79C6C854C8C466A9E412F5580BE7B6D.PDF,Pending_Manual_or_Session_Download,
2022-09-30,2T_30092022B4164638F44F4E6D8D486A38E66EEEE4.XLSX,https://rbidocs.rbi.org.in/rdocs/Wss/DOCs/2T_30092022B4164638F44F4E6D8D486A38E66EEEE4.XLSX,https://rbidocs.rbi.org.in/rdocs/Wss/PDFs/2T_30092022B4164638F44F4E6D8D486A38E66EEEE4.PDF,Pending_Manual_or_Session_Download,
2022-10-07,2T_071020223C3948EB834D4FECBE9967ECBC5F4E2C.XLSX,https://rbidocs.rbi.org.in/rdocs/Wss/DOCs/2T_071020223C3948EB834D4FECBE9967ECBC5F4E2C.XLSX,https://rbidocs.rbi.org.in/rdocs/Wss/PDFs/2T_071020223C3948EB834D4FECBE9967ECBC5F4E2C.PDF,Pending_Manual_or_Session_Download,
2022-10-14,2T_14102022ADB6E33E7DBA4EB0A97F95DD8D08244D.XLSX,https://rbidocs.rbi.org.in/rdocs/Wss/DOCs/2T_14102022ADB6E33E7DBA4EB0A97F95DD8D08244D.XLSX,https://rbidocs.rbi.org.in/rdocs/Wss/PDFs/2T_14102022ADB6E33E7DBA4EB0A97F95DD8D08244D.PDF,Pending_Manual_or_Session_Download,
2022-10-21,2T_21102022241847AB2D554B6D879CF909B1DD7E0D.XLSX,https://rbidocs.rbi.org.in/rdocs/Wss/DOCs/2T_21102022241847AB2D554B6D879CF909B1DD7E0D.XLSX,https://rbidocs.rbi.org.in/rdocs/Wss/PDFs/2T_21102022241847AB2D554B6D879CF909B1DD7E0D.PDF,Pending_Manual_or_Session_Download,
2022-10-28,2T_28102022115960A675824237B7D50B93A5FCFDE2.XLSX,https://rbidocs.rbi.org.in/rdocs/Wss/DOCs/2T_28102022115960A675824237B7D50B93A5FCFDE2.XLSX,https://rbidocs.rbi.org.in/rdocs/Wss/PDFs/2T_28102022115960A675824237B7D50B93A5FCFDE2.PDF,Pending_Manual_or_Session_Download,
2022-11-04,2T_041120220A2C477F20D14E9D97E39F727D731F82.XLSX,https://rbidocs.rbi.org.in/rdocs/Wss/DOCs/2T_041120220A2C477F20D14E9D97E39F727D731F82.XLSX,https://rbidocs.rbi.org.in/rdocs/Wss/PDFs/2T_041120220A2C477F20D14E9D97E39F727D731F82.PDF,Pending_Manual_or_Session_Download,
2022-11-11,2T_1111202208686CB9E6A5428F8D914114A0F6C57A.XLSX,https://rbidocs.rbi.org.in/rdocs/Wss/DOCs/2T_1111202208686CB9E6A5428F8D914114A0F6C57A.XLSX,https://rbidocs.rbi.org.in/rdocs/Wss/PDFs/2T_1111202208686CB9E6A5428F8D914114A0F6C57A.PDF,Pending_Manual_or_Session_Download,
2022-11-18,2T_181120221661BFEA06454BE7AB3581E3A070B450.XLSX,https://rbidocs.rbi.org.in/rdocs/Wss/DOCs/2T_181120221661BFEA06454BE7AB3581E3A070B450.XLSX,https://rbidocs.rbi.org.in/rdocs/Wss/PDFs/2T_181120221661BFEA06454BE7AB3581E3A070B450.PDF,Pending_Manual_or_Session_Download,
2022-11-25,2T_25112022BC5FD7157F6D4C95A2EB9A8AB72C7F18.XLSX,https://rbidocs.rbi.org.in/rdocs/Wss/DOCs/2T_25112022BC5FD7157F6D4C95A2EB9A8AB72C7F18.XLSX,https://rbidocs.rbi.org.in/rdocs/Wss/PDFs/2T_25112022BC5FD7157F6D4C95A2EB9A8AB72C7F18.PDF,Pending_Manual_or_Session_Download,
2022-12-02,2T_02122022C1156E0836F646078A3FC41F8F231492.XLSX,https://rbidocs.rbi.org.in/rdocs/Wss/DOCs/2T_02122022C1156E0836F646078A3FC41F8F231492.XLSX,https://rbidocs.rbi.org.in/rdocs/Wss/PDFs/2T_02122022C1156E0836F646078A3FC41F8F231492.PDF,Pending_Manual_or_Session_Download,
2022-12-09,2T_091220229196F725F7B340A4BDEA8889AC6FC0DA.XLSX,https://rbidocs.rbi.org.in/rdocs/Wss/DOCs/2T_091220229196F725F7B340A4BDEA8889AC6FC0DA.XLSX,https://rbidocs.rbi.org.in/rdocs/Wss/PDFs/2T_091220229196F725F7B340A4BDEA8889AC6FC0DA.PDF,Pending_Manual_or_Session_Download,
2022-12-16,2T_16122022ADC399403FEB4B759464170BDC51D61A.XLSX,https://rbidocs.rbi.org.in/rdocs/Wss/DOCs/2T_16122022ADC399403FEB4B759464170BDC51D61A.XLSX,https://rbidocs.rbi.org.in/rdocs/Wss/PDFs/2T_16122022ADC399403FEB4B759464170BDC51D61A.PDF,Pending_Manual_or_Session_Download,
2022-12-23,2T_23122022CA73033E589C475E86C9BEBB2ACA9763.XLSX,https://rbidocs.rbi.org.in/rdocs/Wss/DOCs/2T_23122022CA73033E589C475E86C9BEBB2ACA9763.XLSX,https://rbidocs.rbi.org.in/rdocs/Wss/PDFs/2T_23122022CA73033E589C475E86C9BEBB2ACA9763.PDF,Pending_Manual_or_Session_Download,
2022-12-30,2T_30122022E3708003B0F448A5A085C0A22ACFAA40.XLSX,https://rbidocs.rbi.org.in/rdocs/Wss/DOCs/2T_30122022E3708003B0F448A5A085C0A22ACFAA40.XLSX,https://rbidocs.rbi.org.in/rdocs/Wss/PDFs/2T_30122022E3708003B0F448A5A085C0A22ACFAA40.PDF,Pending_Manual_or_Session_Download,
2023-01-06,2T_060120232C73302BD8EB41529E6E615A71DA121D.XLSX,https://rbidocs.rbi.org.in/rdocs/Wss/DOCs/2T_060120232C73302BD8EB41529E6E615A71DA121D.XLSX,https://rbidocs.rbi.org.in/rdocs/Wss/PDFs/2T_060120232C73302BD8EB41529E6E615A71DA121D.PDF,Pending_Manual_or_Session_Download,
2023-01-13,2T_130120230C7541420F3B4BF88499889EF7715E9D.XLSX,https://rbidocs.rbi.org.in/rdocs/Wss/DOCs/2T_130120230C7541420F3B4BF88499889EF7715E9D.XLSX,https://rbidocs.rbi.org.in/rdocs/Wss/PDFs/2T_130120230C7541420F3B4BF88499889EF7715E9D.PDF,Pending_Manual_or_Session_Download,
2023-01-20,2T_200120234295AE8B6F264D6BA6E0CD53294BDF3D.XLSX,https://rbidocs.rbi.org.in/rdocs/Wss/DOCs/2T_200120234295AE8B6F264D6BA6E0CD53294BDF3D.XLSX,https://rbidocs.rbi.org.in/rdocs/Wss/PDFs/2T_200120234295AE8B6F264D6BA6E0CD53294BDF3D.PDF,Pending_Manual_or_Session_Download,
2023-01-27,2T_27012023987AB67469604A0DBD9EFA08C15B2A1C.XLSX,https://rbidocs.rbi.org.in/rdocs/Wss/DOCs/2T_27012023987AB67469604A0DBD9EFA08C15B2A1C.XLSX,https://rbidocs.rbi.org.in/rdocs/Wss/PDFs/2T_27012023987AB67469604A0DBD9EFA08C15B2A1C.PDF,Pending_Manual_or_Session_Download,
2023-02-03,2T_03022023E00FB943D7BE4B6B90F3E779A9698124.XLSX,https://rbidocs.rbi.org.in/rdocs/Wss/DOCs/2T_03022023E00FB943D7BE4B6B90F3E779A9698124.XLSX,https://rbidocs.rbi.org.in/rdocs/Wss/PDFs/2T_03022023E00FB943D7BE4B6B90F3E779A9698124.PDF,Pending_Manual_or_Session_Download,
2023-02-10,2T_10022023B25967C053A440C0ADD5CF61813BEF55.XLSX,https://rbidocs.rbi.org.in/rdocs/Wss/DOCs/2T_10022023B25967C053A440C0ADD5CF61813BEF55.XLSX,https://rbidocs.rbi.org.in/rdocs/Wss/PDFs/2T_10022023B25967C053A440C0ADD5CF61813BEF55.PDF,Pending_Manual_or_Session_Download,
2023-02-17,2T_170220231FD4B1D51FC84021B0034D3A5D9F440F.XLSX,https://rbidocs.rbi.org.in/rdocs/Wss/DOCs/2T_170220231FD4B1D51FC84021B0034D3A5D9F440F.XLSX,https://rbidocs.rbi.org.in/rdocs/Wss/PDFs/2T_170220231FD4B1D51FC84021B0034D3A5D9F440F.PDF,Pending_Manual_or_Session_Download,
2023-02-24,2T_2402202319D1DEEF27774B6CA6DCB6CF5EDF0AB1.XLSX,https://rbidocs.rbi.org.in/rdocs/Wss/DOCs/2T_2402202319D1DEEF27774B6CA6DCB6CF5EDF0AB1.XLSX,https://rbidocs.rbi.org.in/rdocs/Wss/PDFs/2T_2402202319D1DEEF27774B6CA6DCB6CF5EDF0AB1.PDF,Pending_Manual_or_Session_Download,
2023-03-03,2T_030320233D309E9B65E042CD96F9F731473B95BE.XLSX,https://rbidocs.rbi.org.in/rdocs/Wss/DOCs/2T_030320233D309E9B65E042CD96F9F731473B95BE.XLSX,https://rbidocs.rbi.org.in/rdocs/Wss/PDFs/2T_030320233D309E9B65E042CD96F9F731473B95BE.PDF,Pending_Manual_or_Session_Download,
2023-03-10,2T_100320235A8684E31D374C40A561E9F77C15CA97.XLSX,https://rbidocs.rbi.org.in/rdocs/Wss/DOCs/2T_100320235A8684E31D374C40A561E9F77C15CA97.XLSX,https://rbidocs.rbi.org.in/rdocs/Wss/PDFs/2T_100320235A8684E31D374C40A561E9F77C15CA97.PDF,Pending_Manual_or_Session_Download,
2023-03-17,2T_17032023D0563AADF9F24557991BC087905CCAFF.XLSX,https://rbidocs.rbi.org.in/rdocs/Wss/DOCs/2T_17032023D0563AADF9F24557991BC087905CCAFF.XLSX,https://rbidocs.rbi.org.in/rdocs/Wss/PDFs/2T_17032023D0563AADF9F24557991BC087905CCAFF.PDF,Pending_Manual_or_Session_Download,
2023-03-24,2T_2403202316F109DAA2E34BE894C3DABD1CE67D5E.XLSX,https://rbidocs.rbi.org.in/rdocs/Wss/DOCs/2T_2403202316F109DAA2E34BE894C3DABD1CE67D5E.XLSX,https://rbidocs.rbi.org.in/rdocs/Wss/PDFs/2T_2403202316F109DAA2E34BE894C3DABD1CE67D5E.PDF,Pending_Manual_or_Session_Download,
2023-03-31,2T_31032023BE5F33CC850C4B6FB8B9E22FCA8AA839.XLSX,https://rbidocs.rbi.org.in/rdocs/Wss/DOCs/2T_31032023BE5F33CC850C4B6FB8B9E22FCA8AA839.XLSX,https://rbidocs.rbi.org.in/rdocs/Wss/PDFs/2T_31032023BE5F33CC850C4B6FB8B9E22FCA8AA839.PDF,Pending_Manual_or_Session_Download,
2023-04-07,2T_07042023A1385E0817AF4EF1A88DDCA8B54E680D.XLSX,https://rbidocs.rbi.org.in/rdocs/Wss/DOCs/2T_07042023A1385E0817AF4EF1A88DDCA8B54E680D.XLSX,https://rbidocs.rbi.org.in/rdocs/Wss/PDFs/2T_07042023A1385E0817AF4EF1A88DDCA8B54E680D.PDF,Pending_Manual_or_Session_Download,
2023-04-14,2T_1404202324F676085C3A4A418659E82B9726061F.XLSX,https://rbidocs.rbi.org.in/rdocs/Wss/DOCs/2T_1404202324F676085C3A4A418659E82B9726061F.XLSX,https://rbidocs.rbi.org.in/rdocs/Wss/PDFs/2T_1404202324F676085C3A4A418659E82B9726061F.PDF,Pending_Manual_or_Session_Download,
2023-04-21,2T_21042023C99F9D8CDA4D40809E225076A6344EA0.XLSX,https://rbidocs.rbi.org.in/rdocs/Wss/DOCs/2T_21042023C99F9D8CDA4D40809E225076A6344EA0.XLSX,https://rbidocs.rbi.org.in/rdocs/Wss/PDFs/2T_21042023C99F9D8CDA4D40809E225076A6344EA0.PDF,Pending_Manual_or_Session_Download,
2023-04-28,2T_28042023644913D6E27941BBB2A4BEC01AC3BA6D.XLSX,https://rbidocs.rbi.org.in/rdocs/Wss/DOCs/2T_28042023644913D6E27941BBB2A4BEC01AC3BA6D.XLSX,https://rbidocs.rbi.org.in/rdocs/Wss/PDFs/2T_28042023644913D6E27941BBB2A4BEC01AC3BA6D.PDF,Pending_Manual_or_Session_Download,
2023-05-05,2T_05052023AB333B236D1F4D49A75B647142F416B8.XLSX,https://rbidocs.rbi.org.in/rdocs/Wss/DOCs/2T_05052023AB333B236D1F4D49A75B647142F416B8.XLSX,https://rbidocs.rbi.org.in/rdocs/Wss/PDFs/2T_05052023AB333B236D1F4D49A75B647142F416B8.PDF,Pending_Manual_or_Session_Download,
2023-05-12,2T_12052023D9B202AE930E4F5183DCD5B6D5FC5B7C.XLSX,https://rbidocs.rbi.org.in/rdocs/Wss/DOCs/2T_12052023D9B202AE930E4F5183DCD5B6D5FC5B7C.XLSX,https://rbidocs.rbi.org.in/rdocs/Wss/PDFs/2T_12052023D9B202AE930E4F5183DCD5B6D5FC5B7C.PDF,Pending_Manual_or_Session_Download,
2023-05-19,2T_1905202379832A2B28F54FD2A32B38E9315890FB.XLSX,https://rbidocs.rbi.org.in/rdocs/Wss/DOCs/2T_1905202379832A2B28F54FD2A32B38E9315890FB.XLSX,https://rbidocs.rbi.org.in/rdocs/Wss/PDFs/2T_1905202379832A2B28F54FD2A32B38E9315890FB.PDF,Pending_Manual_or_Session_Download,
2023-05-26,2T_26052023B6792E9382C24FF5B46165E72D4B8EE3.XLSX,https://rbidocs.rbi.org.in/rdocs/Wss/DOCs/2T_26052023B6792E9382C24FF5B46165E72D4B8EE3.XLSX,https://rbidocs.rbi.org.in/rdocs/Wss/PDFs/2T_26052023B6792E9382C24FF5B46165E72D4B8EE3.PDF,Pending_Manual_or_Session_Download,
2023-06-02,2T_020620230CFBBBCE317D42C3822E08ABAB2D0522.XLSX,https://rbidocs.rbi.org.in/rdocs/Wss/DOCs/2T_020620230CFBBBCE317D42C3822E08ABAB2D0522.XLSX,https://rbidocs.rbi.org.in/rdocs/Wss/PDFs/2T_020620230CFBBBCE317D42C3822E08ABAB2D0522.PDF,Pending_Manual_or_Session_Download,
2023-06-09,2T_090620231E910671871548A0A496F142BEACD16C.XLSX,https://rbidocs.rbi.org.in/rdocs/Wss/DOCs/2T_090620231E910671871548A0A496F142BEACD16C.XLSX,https://rbidocs.rbi.org.in/rdocs/Wss/PDFs/2T_090620231E910671871548A0A496F142BEACD16C.PDF,Pending_Manual_or_Session_Download,
2023-06-16,2T_160620236B1038BA7B4B47399E74BA9F47E76BBD.XLSX,https://rbidocs.rbi.org.in/rdocs/Wss/DOCs/2T_160620236B1038BA7B4B47399E74BA9F47E76BBD.XLSX,https://rbidocs.rbi.org.in/rdocs/Wss/PDFs/2T_160620236B1038BA7B4B47399E74BA9F47E76BBD.PDF,Pending_Manual_or_Session_Download,
2023-06-23,2T_23062023D91A76986F4E492D9062B1F492B5039D.XLSX,https://rbidocs.rbi.org.in/rdocs/Wss/DOCs/2T_23062023D91A76986F4E492D9062B1F492B5039D.XLSX,https://rbidocs.rbi.org.in/rdocs/Wss/PDFs/2T_23062023D91A76986F4E492D9062B1F492B5039D.PDF,Pending_Manual_or_Session_Download,
2023-06-30,2T_30062023E7258F9C939A4117B610B2029C480D2F.XLSX,https://rbidocs.rbi.org.in/rdocs/Wss/DOCs/2T_30062023E7258F9C939A4117B610B2029C480D2F.XLSX,https://rbidocs.rbi.org.in/rdocs/Wss/PDFs/2T_30062023E7258F9C939A4117B610B2029C480D2F.PDF,Pending_Manual_or_Session_Download,
2023-07-07,2T_070720234F8AEDCCC317400A8570BDC534D7AA4B.XLSX,https://rbidocs.rbi.org.in/rdocs/Wss/DOCs/2T_070720234F8AEDCCC317400A8570BDC534D7AA4B.XLSX,https://rbidocs.rbi.org.in/rdocs/Wss/PDFs/2T_070720234F8AEDCCC317400A8570BDC534D7AA4B.PDF,Pending_Manual_or_Session_Download,
2023-07-14,2T_140720238B8442774C1348F18C132A0BAA4C6CAA.XLSX,https://rbidocs.rbi.org.in/rdocs/Wss/DOCs/2T_140720238B8442774C1348F18C132A0BAA4C6CAA.XLSX,https://rbidocs.rbi.org.in/rdocs/Wss/PDFs/2T_140720238B8442774C1348F18C132A0BAA4C6CAA.PDF,Pending_Manual_or_Session_Download,
2023-07-21,2T_2107202324C55EEE4D854B5A83BF7F5ABF954390.XLSX,https://rbidocs.rbi.org.in/rdocs/Wss/DOCs/2T_2107202324C55EEE4D854B5A83BF7F5ABF954390.XLSX,https://rbidocs.rbi.org.in/rdocs/Wss/PDFs/2T_2107202324C55EEE4D854B5A83BF7F5ABF954390.PDF,Pending_Manual_or_Session_Download,
2023-07-28,2T_28072023D027A0525E21425294713E01833299D5.XLSX,https://rbidocs.rbi.org.in/rdocs/Wss/DOCs/2T_28072023D027A0525E21425294713E01833299D5.XLSX,https://rbidocs.rbi.org.in/rdocs/Wss/PDFs/2T_28072023D027A0525E21425294713E01833299D5.PDF,Pending_Manual_or_Session_Download,
2023-08-04,2T_04082023221355A1CBA446C3835458467EFA8D29.XLSX,https://rbidocs.rbi.org.in/rdocs/Wss/DOCs/2T_04082023221355A1CBA446C3835458467EFA8D29.XLSX,https://rbidocs.rbi.org.in/rdocs/Wss/PDFs/2T_04082023221355A1CBA446C3835458467EFA8D29.PDF,Pending_Manual_or_Session_Download,
2023-08-11,2T_110820237515C868DF0141A190B26B877FA9E0D7.XLSX,https://rbidocs.rbi.org.in/rdocs/Wss/DOCs/2T_110820237515C868DF0141A190B26B877FA9E0D7.XLSX,https://rbidocs.rbi.org.in/rdocs/Wss/PDFs/2T_110820237515C868DF0141A190B26B877FA9E0D7.PDF,Pending_Manual_or_Session_Download,
2023-08-18,2T_18082023500A26AC86844364ADE71DF98187EED7.XLSX,https://rbidocs.rbi.org.in/rdocs/Wss/DOCs/2T_18082023500A26AC86844364ADE71DF98187EED7.XLSX,https://rbidocs.rbi.org.in/rdocs/Wss/PDFs/2T_18082023500A26AC86844364ADE71DF98187EED7.PDF,Pending_Manual_or_Session_Download,
2023-08-25,2T_25082023247A070282704517AD22E5D380F9FABE.XLSX,https://rbidocs.rbi.org.in/rdocs/Wss/DOCs/2T_25082023247A070282704517AD22E5D380F9FABE.XLSX,https://rbidocs.rbi.org.in/rdocs/Wss/PDFs/2T_25082023247A070282704517AD22E5D380F9FABE.PDF,Pending_Manual_or_Session_Download,
2023-09-01,2T_01092023A6B416E632CC49A488B3A0EB36BA421B.XLSX,https://rbidocs.rbi.org.in/rdocs/Wss/DOCs/2T_01092023A6B416E632CC49A488B3A0EB36BA421B.XLSX,https://rbidocs.rbi.org.in/rdocs/Wss/PDFs/2T_01092023A6B416E632CC49A488B3A0EB36BA421B.PDF,Pending_Manual_or_Session_Download,
2023-09-08,2T_08092023453AE6539A0A4DEBBF639A0F14188FB8.XLSX,https://rbidocs.rbi.org.in/rdocs/Wss/DOCs/2T_08092023453AE6539A0A4DEBBF639A0F14188FB8.XLSX,https://rbidocs.rbi.org.in/rdocs/Wss/PDFs/2T_08092023453AE6539A0A4DEBBF639A0F14188FB8.PDF,Pending_Manual_or_Session_Download,
2023-09-15,2T_1509202302246488A9CC4701B38076EFA652AFE9.XLSX,https://rbidocs.rbi.org.in/rdocs/Wss/DOCs/2T_1509202302246488A9CC4701B38076EFA652AFE9.XLSX,https://rbidocs.rbi.org.in/rdocs/Wss/PDFs/2T_1509202302246488A9CC4701B38076EFA652AFE9.PDF,Pending_Manual_or_Session_Download,
2023-09-22,2T_220920236ABF013604024C8BA3455260911C5C09.XLSX,https://rbidocs.rbi.org.in/rdocs/Wss/DOCs/2T_220920236ABF013604024C8BA3455260911C5C09.XLSX,https://rbidocs.rbi.org.in/rdocs/Wss/PDFs/2T_220920236ABF013604024C8BA3455260911C5C09.PDF,Pending_Manual_or_Session_Download,
2023-09-29,2T_29092023074C82C9B01E447B9C0B5F616D151F41.XLSX,https://rbidocs.rbi.org.in/rdocs/Wss/DOCs/2T_29092023074C82C9B01E447B9C0B5F616D151F41.XLSX,https://rbidocs.rbi.org.in/rdocs/Wss/PDFs/2T_29092023074C82C9B01E447B9C0B5F616D151F41.PDF,Pending_Manual_or_Session_Download,
2023-10-06,2T_0610202320B07F69246C40F98B32F59D4202B7B2.XLSX,https://rbidocs.rbi.org.in/rdocs/Wss/DOCs/2T_0610202320B07F69246C40F98B32F59D4202B7B2.XLSX,https://rbidocs.rbi.org.in/rdocs/Wss/PDFs/2T_0610202320B07F69246C40F98B32F59D4202B7B2.PDF,Pending_Manual_or_Session_Download,
2023-10-13,2T_13102023D5E7A6445ED74649875A42CCB139D056.XLSX,https://rbidocs.rbi.org.in/rdocs/Wss/DOCs/2T_13102023D5E7A6445ED74649875A42CCB139D056.XLSX,https://rbidocs.rbi.org.in/rdocs/Wss/PDFs/2T_13102023D5E7A6445ED74649875A42CCB139D056.PDF,Pending_Manual_or_Session_Download,
2023-10-20,2T_2010202324EDDB224CC84CD4942E5CD9FF49C996.XLSX,https://rbidocs.rbi.org.in/rdocs/Wss/DOCs/2T_2010202324EDDB224CC84CD4942E5CD9FF49C996.XLSX,https://rbidocs.rbi.org.in/rdocs/Wss/PDFs/2T_2010202324EDDB224CC84CD4942E5CD9FF49C996.PDF,Pending_Manual_or_Session_Download,
2023-10-27,2T_2710202357761863423D46ED9F0DF5E0A2AA38CF.XLSX,https://rbidocs.rbi.org.in/rdocs/Wss/DOCs/2T_2710202357761863423D46ED9F0DF5E0A2AA38CF.XLSX,https://rbidocs.rbi.org.in/rdocs/Wss/PDFs/2T_2710202357761863423D46ED9F0DF5E0A2AA38CF.PDF,Pending_Manual_or_Session_Download,
2023-11-03,2T_0311202309C0CB461DE6429FACD9143B9218014A.XLSX,https://rbidocs.rbi.org.in/rdocs/Wss/DOCs/2T_0311202309C0CB461DE6429FACD9143B9218014A.XLSX,https://rbidocs.rbi.org.in/rdocs/Wss/PDFs/2T_0311202309C0CB461DE6429FACD9143B9218014A.PDF,Pending_Manual_or_Session_Download,
2023-11-10,2T_10112023B7BA09BAE13447D5AB1F56FA52605267.XLSX,https://rbidocs.rbi.org.in/rdocs/Wss/DOCs/2T_10112023B7BA09BAE13447D5AB1F56FA52605267.XLSX,https://rbidocs.rbi.org.in/rdocs/Wss/PDFs/2T_10112023B7BA09BAE13447D5AB1F56FA52605267.PDF,Pending_Manual_or_Session_Download,
2023-11-17,2T_17112023C6DC42E7B7674AEEBDDEB0E44BD9B272.XLSX,https://rbidocs.rbi.org.in/rdocs/Wss/DOCs/2T_17112023C6DC42E7B7674AEEBDDEB0E44BD9B272.XLSX,https://rbidocs.rbi.org.in/rdocs/Wss/PDFs/2T_17112023C6DC42E7B7674AEEBDDEB0E44BD9B272.PDF,Pending_Manual_or_Session_Download,
2023-11-24,2T_24112023AD238FBE8B58419CA981F2382379A18D.XLSX,https://rbidocs.rbi.org.in/rdocs/Wss/DOCs/2T_24112023AD238FBE8B58419CA981F2382379A18D.XLSX,https://rbidocs.rbi.org.in/rdocs/Wss/PDFs/2T_24112023AD238FBE8B58419CA981F2382379A18D.PDF,Pending_Manual_or_Session_Download,
2023-12-01,2T_01122023F72479FFB42347ECA8EF9131A0EAC5B0.XLSX,https://rbidocs.rbi.org.in/rdocs/Wss/DOCs/2T_01122023F72479FFB42347ECA8EF9131A0EAC5B0.XLSX,https://rbidocs.rbi.org.in/rdocs/Wss/PDFs/2T_01122023F72479FFB42347ECA8EF9131A0EAC5B0.PDF,Pending_Manual_or_Session_Download,
2023-12-08,2T_08122023BEB9AB96A9F34EFCA96CFFE0AC45196D.XLSX,https://rbidocs.rbi.org.in/rdocs/Wss/DOCs/2T_08122023BEB9AB96A9F34EFCA96CFFE0AC45196D.XLSX,https://rbidocs.rbi.org.in/rdocs/Wss/PDFs/2T_08122023BEB9AB96A9F34EFCA96CFFE0AC45196D.PDF,Pending_Manual_or_Session_Download,
2023-12-15,2T_1512202331950AF343FA45DC910A2DE020B51CC8.XLSX,https://rbidocs.rbi.org.in/rdocs/Wss/DOCs/2T_1512202331950AF343FA45DC910A2DE020B51CC8.XLSX,https://rbidocs.rbi.org.in/rdocs/Wss/PDFs/2T_1512202331950AF343FA45DC910A2DE020B51CC8.PDF,Pending_Manual_or_Session_Download,
2023-12-22,2T_22122023D856A3F26E8A4627A9E4A93189ABF89C.XLSX,https://rbidocs.rbi.org.in/rdocs/Wss/DOCs/2T_22122023D856A3F26E8A4627A9E4A93189ABF89C.XLSX,https://rbidocs.rbi.org.in/rdocs/Wss/PDFs/2T_22122023D856A3F26E8A4627A9E4A93189ABF89C.PDF,Pending_Manual_or_Session_Download,
2023-12-29,2T_29122023062A0EEB8B434231A422A44482B834FA.XLSX,https://rbidocs.rbi.org.in/rdocs/Wss/DOCs/2T_29122023062A0EEB8B434231A422A44482B834FA.XLSX,https://rbidocs.rbi.org.in/rdocs/Wss/PDFs/2T_29122023062A0EEB8B434231A422A44482B834FA.PDF,Pending_Manual_or_Session_Download,
2024-01-05,2T_05012024877AB67231E84F1D9741E2F9603982D8.XLSX,https://rbidocs.rbi.org.in/rdocs/Wss/DOCs/2T_05012024877AB67231E84F1D9741E2F9603982D8.XLSX,https://rbidocs.rbi.org.in/rdocs/Wss/PDFs/2T_05012024877AB67231E84F1D9741E2F9603982D8.PDF,Pending_Manual_or_Session_Download,
2024-01-12,2T_12012024218AE6B2F3D64949B3A9040B25099015.XLSX,https://rbidocs.rbi.org.in/rdocs/Wss/DOCs/2T_12012024218AE6B2F3D64949B3A9040B25099015.XLSX,https://rbidocs.rbi.org.in/rdocs/Wss/PDFs/2T_12012024218AE6B2F3D64949B3A9040B25099015.PDF,Pending_Manual_or_Session_Download,
2024-01-19,2T_190120247486C6CEF02A4EF3B20AACE236FC2F7C.XLSX,https://rbidocs.rbi.org.in/rdocs/Wss/DOCs/2T_190120247486C6CEF02A4EF3B20AACE236FC2F7C.XLSX,https://rbidocs.rbi.org.in/rdocs/Wss/PDFs/2T_190120247486C6CEF02A4EF3B20AACE236FC2F7C.PDF,Pending_Manual_or_Session_Download,
2024-01-26,2T_26012024016D23A43B3942F7928B734DB495EB23.XLSX,https://rbidocs.rbi.org.in/rdocs/Wss/DOCs/2T_26012024016D23A43B3942F7928B734DB495EB23.XLSX,https://rbidocs.rbi.org.in/rdocs/Wss/PDFs/2T_26012024016D23A43B3942F7928B734DB495EB23.PDF,Pending_Manual_or_Session_Download,
2024-02-02,2T_02022024D498DD683A5346DDA9646BE3B083B5BF.XLSX,https://rbidocs.rbi.org.in/rdocs/Wss/DOCs/2T_02022024D498DD683A5346DDA9646BE3B083B5BF.XLSX,https://rbidocs.rbi.org.in/rdocs/Wss/PDFs/2T_02022024D498DD683A5346DDA9646BE3B083B5BF.PDF,Pending_Manual_or_Session_Download,
2024-02-09,2T_09022024270FA1D3884C4ABA93095091F105E19D.XLSX,https://rbidocs.rbi.org.in/rdocs/Wss/DOCs/2T_09022024270FA1D3884C4ABA93095091F105E19D.XLSX,https://rbidocs.rbi.org.in/rdocs/Wss/PDFs/2T_09022024270FA1D3884C4ABA93095091F105E19D.PDF,Pending_Manual_or_Session_Download,
2024-02-16,2T_160220240317686E8CA842C09C5C98EC76D79000.XLSX,https://rbidocs.rbi.org.in/rdocs/Wss/DOCs/2T_160220240317686E8CA842C09C5C98EC76D79000.XLSX,https://rbidocs.rbi.org.in/rdocs/Wss/PDFs/2T_160220240317686E8CA842C09C5C98EC76D79000.PDF,Pending_Manual_or_Session_Download,
2024-02-23,2T_2302202496DC90DA1804437AA7AA09D6F2B1D356.XLSX,https://rbidocs.rbi.org.in/rdocs/Wss/DOCs/2T_2302202496DC90DA1804437AA7AA09D6F2B1D356.XLSX,https://rbidocs.rbi.org.in/rdocs/Wss/PDFs/2T_2302202496DC90DA1804437AA7AA09D6F2B1D356.PDF,Pending_Manual_or_Session_Download,
2024-03-01,2T_01032024D990FF4EF34240A89D7838F3ED990E4D.XLSX,https://rbidocs.rbi.org.in/rdocs/Wss/DOCs/2T_01032024D990FF4EF34240A89D7838F3ED990E4D.XLSX,https://rbidocs.rbi.org.in/rdocs/Wss/PDFs/2T_01032024D990FF4EF34240A89D7838F3ED990E4D.PDF,Pending_Manual_or_Session_Download,
2024-03-08,2T_08032024BD025FBEF1894E1D9B6FE2B6C4BD090F.XLSX,https://rbidocs.rbi.org.in/rdocs/Wss/DOCs/2T_08032024BD025FBEF1894E1D9B6FE2B6C4BD090F.XLSX,https://rbidocs.rbi.org.in/rdocs/Wss/PDFs/2T_08032024BD025FBEF1894E1D9B6FE2B6C4BD090F.PDF,Pending_Manual_or_Session_Download,
2024-03-15,2T_15032024DDF45F21DB244D5EAE18F2C1A8B4F3A8.XLSX,https://rbidocs.rbi.org.in/rdocs/Wss/DOCs/2T_15032024DDF45F21DB244D5EAE18F2C1A8B4F3A8.XLSX,https://rbidocs.rbi.org.in/rdocs/Wss/PDFs/2T_15032024DDF45F21DB244D5EAE18F2C1A8B4F3A8.PDF,Pending_Manual_or_Session_Download,
2024-03-22,2T_220320241FC7F6FF420F479F83CC700431A5593F.XLSX,https://rbidocs.rbi.org.in/rdocs/Wss/DOCs/2T_220320241FC7F6FF420F479F83CC700431A5593F.XLSX,https://rbidocs.rbi.org.in/rdocs/Wss/PDFs/2T_220320241FC7F6FF420F479F83CC700431A5593F.PDF,Pending_Manual_or_Session_Download,
2024-03-29,2T_290320244074B2DB795742259CB78F5CE5376332.XLSX,https://rbidocs.rbi.org.in/rdocs/Wss/DOCs/2T_290320244074B2DB795742259CB78F5CE5376332.XLSX,https://rbidocs.rbi.org.in/rdocs/Wss/PDFs/2T_290320244074B2DB795742259CB78F5CE5376332.PDF,Pending_Manual_or_Session_Download,
2024-04-05,2T_050420242D8EACA48ACA42CC8958606ABA08B55F.XLSX,https://rbidocs.rbi.org.in/rdocs/Wss/DOCs/2T_050420242D8EACA48ACA42CC8958606ABA08B55F.XLSX,https://rbidocs.rbi.org.in/rdocs/Wss/PDFs/2T_050420242D8EACA48ACA42CC8958606ABA08B55F.PDF,Pending_Manual_or_Session_Download,
2024-04-12,2T_12042024CD5D2FB3799C464D8E64BEC778830447.XLSX,https://rbidocs.rbi.org.in/rdocs/Wss/DOCs/2T_12042024CD5D2FB3799C464D8E64BEC778830447.XLSX,https://rbidocs.rbi.org.in/rdocs/Wss/PDFs/2T_12042024CD5D2FB3799C464D8E64BEC778830447.PDF,Pending_Manual_or_Session_Download,
2024-04-19,2T_190420240FA82C234BE14F298807502108D1509E.XLSX,https://rbidocs.rbi.org.in/rdocs/Wss/DOCs/2T_190420240FA82C234BE14F298807502108D1509E.XLSX,https://rbidocs.rbi.org.in/rdocs/Wss/PDFs/2T_190420240FA82C234BE14F298807502108D1509E.PDF,Pending_Manual_or_Session_Download,
2024-04-26,2T_2604202427E3C65147CC429797436095727F6C27.XLSX,https://rbidocs.rbi.org.in/rdocs/Wss/DOCs/2T_2604202427E3C65147CC429797436095727F6C27.XLSX,https://rbidocs.rbi.org.in/rdocs/Wss/PDFs/2T_2604202427E3C65147CC429797436095727F6C27.PDF,Pending_Manual_or_Session_Download,
2024-05-03,2T_030520243326D06D1A6341249591CD4F420F572F.XLSX,https://rbidocs.rbi.org.in/rdocs/Wss/DOCs/2T_030520243326D06D1A6341249591CD4F420F572F.XLSX,https://rbidocs.rbi.org.in/rdocs/Wss/PDFs/2T_030520243326D06D1A6341249591CD4F420F572F.PDF,Pending_Manual_or_Session_Download,
2024-05-10,2T_10052024926A1AFF63A44C4AA8572F57E2FCCD92.XLSX,https://rbidocs.rbi.org.in/rdocs/Wss/DOCs/2T_10052024926A1AFF63A44C4AA8572F57E2FCCD92.XLSX,https://rbidocs.rbi.org.in/rdocs/Wss/PDFs/2T_10052024926A1AFF63A44C4AA8572F57E2FCCD92.PDF,Pending_Manual_or_Session_Download,
2024-05-17,2T_17052024E959B47B36114AA78D2078C112FB7549.XLSX,https://rbidocs.rbi.org.in/rdocs/Wss/DOCs/2T_17052024E959B47B36114AA78D2078C112FB7549.XLSX,https://rbidocs.rbi.org.in/rdocs/Wss/PDFs/2T_17052024E959B47B36114AA78D2078C112FB7549.PDF,Pending_Manual_or_Session_Download,
2024-05-24,2T_240520249554D3CA59924C3DB0C6C76BFBB994E9.XLSX,https://rbidocs.rbi.org.in/rdocs/Wss/DOCs/2T_240520249554D3CA59924C3DB0C6C76BFBB994E9.XLSX,https://rbidocs.rbi.org.in/rdocs/Wss/PDFs/2T_240520249554D3CA59924C3DB0C6C76BFBB994E9.PDF,Pending_Manual_or_Session_Download,
2024-05-31,2T_31052024FB13EF1524154F489F9E308C24ABE579.XLSX,https://rbidocs.rbi.org.in/rdocs/Wss/DOCs/2T_31052024FB13EF1524154F489F9E308C24ABE579.XLSX,https://rbidocs.rbi.org.in/rdocs/Wss/PDFs/2T_31052024FB13EF1524154F489F9E308C24ABE579.PDF,Pending_Manual_or_Session_Download,
2024-06-07,2T_07062024E2FBEB3E3BFA4E9E953E65A329264EB4.XLSX,https://rbidocs.rbi.org.in/rdocs/Wss/DOCs/2T_07062024E2FBEB3E3BFA4E9E953E65A329264EB4.XLSX,https://rbidocs.rbi.org.in/rdocs/Wss/PDFs/2T_07062024E2FBEB3E3BFA4E9E953E65A329264EB4.PDF,Pending_Manual_or_Session_Download,
2024-06-14,2T_1406202483650C57AB514A3EB6695F1B61FFEC9B.XLSX,https://rbidocs.rbi.org.in/rdocs/Wss/DOCs/2T_1406202483650C57AB514A3EB6695F1B61FFEC9B.XLSX,https://rbidocs.rbi.org.in/rdocs/Wss/PDFs/2T_1406202483650C57AB514A3EB6695F1B61FFEC9B.PDF,Pending_Manual_or_Session_Download,
2024-06-21,2T_21062024B70233796770444AABEC806983B80B3B.XLSX,https://rbidocs.rbi.org.in/rdocs/Wss/DOCs/2T_21062024B70233796770444AABEC806983B80B3B.XLSX,https://rbidocs.rbi.org.in/rdocs/Wss/PDFs/2T_21062024B70233796770444AABEC806983B80B3B.PDF,Pending_Manual_or_Session_Download,
2024-06-28,2T_28062024E98F0E69D0A3496DBB7777BD0E975ACD.XLSX,https://rbidocs.rbi.org.in/rdocs/Wss/DOCs/2T_28062024E98F0E69D0A3496DBB7777BD0E975ACD.XLSX,https://rbidocs.rbi.org.in/rdocs/Wss/PDFs/2T_28062024E98F0E69D0A3496DBB7777BD0E975ACD.PDF,Pending_Manual_or_Session_Download,
2024-07-05,2T_05072024C6A4E92317BC45C786BD50B5B26586FD.XLSX,https://rbidocs.rbi.org.in/rdocs/Wss/DOCs/2T_05072024C6A4E92317BC45C786BD50B5B26586FD.XLSX,https://rbidocs.rbi.org.in/rdocs/Wss/PDFs/2T_05072024C6A4E92317BC45C786BD50B5B26586FD.PDF,Pending_Manual_or_Session_Download,
2024-07-12,2T_12072024AE3FE97519BF4853A5DE63CE74AED1F7.XLSX,https://rbidocs.rbi.org.in/rdocs/Wss/DOCs/2T_12072024AE3FE97519BF4853A5DE63CE74AED1F7.XLSX,https://rbidocs.rbi.org.in/rdocs/Wss/PDFs/2T_12072024AE3FE97519BF4853A5DE63CE74AED1F7.PDF,Pending_Manual_or_Session_Download,
2024-07-19,2T_19072024E8126CBDE3634B9BB1DB609517A50073.XLSX,https://rbidocs.rbi.org.in/rdocs/Wss/DOCs/2T_19072024E8126CBDE3634B9BB1DB609517A50073.XLSX,https://rbidocs.rbi.org.in/rdocs/Wss/PDFs/2T_19072024E8126CBDE3634B9BB1DB609517A50073.PDF,Pending_Manual_or_Session_Download,
2024-07-25,2T_25072024568F00428E2548B099CBE491041A4C5B.XLSX,https://rbidocs.rbi.org.in/rdocs/Wss/DOCs/2T_25072024568F00428E2548B099CBE491041A4C5B.XLSX,https://rbidocs.rbi.org.in/rdocs/Wss/PDFs/2T_26072024568F00428E2548B099CBE491041A4C5B.PDF,Pending_Manual_or_Session_Download,
2024-08-02,2T_0208202428987632640C4F64ABA19CB0E3077245.XLSX,https://rbidocs.rbi.org.in/rdocs/Wss/DOCs/2T_0208202428987632640C4F64ABA19CB0E3077245.XLSX,https://rbidocs.rbi.org.in/rdocs/Wss/PDFs/2T_0208202428987632640C4F64ABA19CB0E3077245.PDF,Pending_Manual_or_Session_Download,
2024-08-09,2T_090820245C71E7D206E74B07A197C5CA6251640F.XLSX,https://rbidocs.rbi.org.in/rdocs/Wss/DOCs/2T_090820245C71E7D206E74B07A197C5CA6251640F.XLSX,https://rbidocs.rbi.org.in/rdocs/Wss/PDFs/2T_090820245C71E7D206E74B07A197C5CA6251640F.PDF,Pending_Manual_or_Session_Download,
2024-08-16,2T_16082024A4C79809032A4D43BA02DA2E46053A2E.XLSX,https://rbidocs.rbi.org.in/rdocs/Wss/DOCs/2T_16082024A4C79809032A4D43BA02DA2E46053A2E.XLSX,https://rbidocs.rbi.org.in/rdocs/Wss/PDFs/2T_16082024A4C79809032A4D43BA02DA2E46053A2E.PDF,Pending_Manual_or_Session_Download,
2024-08-23,2T_230820240A22BEBBE3874DF98E88EFD42F38325D.XLSX,https://rbidocs.rbi.org.in/rdocs/Wss/DOCs/2T_230820240A22BEBBE3874DF98E88EFD42F38325D.XLSX,https://rbidocs.rbi.org.in/rdocs/Wss/PDFs/2T_280820240A22BEBBE3874DF98E88EFD42F38325D.PDF,Pending_Manual_or_Session_Download,
2024-08-30,2T_30082024501550F9A9724663BEC04761D6F8CF62.XLSX,https://rbidocs.rbi.org.in/rdocs/Wss/DOCs/2T_30082024501550F9A9724663BEC04761D6F8CF62.XLSX,https://rbidocs.rbi.org.in/rdocs/Wss/PDFs/2T_30082024501550F9A9724663BEC04761D6F8CF62.PDF,Pending_Manual_or_Session_Download,
2024-09-06,2T_0609202411629D0539934342B827BFD8F882898F.XLSX,https://rbidocs.rbi.org.in/rdocs/Wss/DOCs/2T_0609202411629D0539934342B827BFD8F882898F.XLSX,https://rbidocs.rbi.org.in/rdocs/Wss/PDFs/2T_0609202411629D0539934342B827BFD8F882898F.PDF,Pending_Manual_or_Session_Download,
2024-09-13,2T_13092024BD2E63B7B4754E428A89CD4C056C0E95.XLSX,https://rbidocs.rbi.org.in/rdocs/Wss/DOCs/2T_13092024BD2E63B7B4754E428A89CD4C056C0E95.XLSX,https://rbidocs.rbi.org.in/rdocs/Wss/PDFs/2T_13092024BD2E63B7B4754E428A89CD4C056C0E95.PDF,Pending_Manual_or_Session_Download,
2024-09-20,2T_20092024C1104F093B854E4CA5B4193F6CA1AC00.XLSX,https://rbidocs.rbi.org.in/rdocs/Wss/DOCs/2T_20092024C1104F093B854E4CA5B4193F6CA1AC00.XLSX,https://rbidocs.rbi.org.in/rdocs/Wss/PDFs/2T_20092024C1104F093B854E4CA5B4193F6CA1AC00.PDF,Pending_Manual_or_Session_Download,
2024-09-27,2T_270920242FBFE6380B004F5498352D0C9A722E0D.XLSX,https://rbidocs.rbi.org.in/rdocs/Wss/DOCs/2T_270920242FBFE6380B004F5498352D0C9A722E0D.XLSX,https://rbidocs.rbi.org.in/rdocs/Wss/PDFs/2T_270920242FBFE6380B004F5498352D0C9A722E0D.PDF,Pending_Manual_or_Session_Download,
2024-10-04,2T_041020244FB4C0EAF8744EE891FDF0DF278937E1.XLSX,https://rbidocs.rbi.org.in/rdocs/Wss/DOCs/2T_041020244FB4C0EAF8744EE891FDF0DF278937E1.XLSX,https://rbidocs.rbi.org.in/rdocs/Wss/PDFs/2T_041020244FB4C0EAF8744EE891FDF0DF278937E1.PDF,Pending_Manual_or_Session_Download,
2024-10-11,2T_11102024EBCD964BC15A4118AFCFB1E796F995FA.XLSX,https://rbidocs.rbi.org.in/rdocs/Wss/DOCs/2T_11102024EBCD964BC15A4118AFCFB1E796F995FA.XLSX,https://rbidocs.rbi.org.in/rdocs/Wss/PDFs/2T_11102024EBCD964BC15A4118AFCFB1E796F995FA.PDF,Pending_Manual_or_Session_Download,
2024-10-18,2T_181020241D7B2D44D4A24834886E302E874DE1E6.XLSX,https://rbidocs.rbi.org.in/rdocs/Wss/DOCs/2T_181020241D7B2D44D4A24834886E302E874DE1E6.XLSX,https://rbidocs.rbi.org.in/rdocs/Wss/PDFs/2T_181020241D7B2D44D4A24834886E302E874DE1E6.PDF,Pending_Manual_or_Session_Download,
2024-10-25,2T_2510202427ECDE6FFFF040B1A58D74C65493569B.XLSX,https://rbidocs.rbi.org.in/rdocs/Wss/DOCs/2T_2510202427ECDE6FFFF040B1A58D74C65493569B.XLSX,https://rbidocs.rbi.org.in/rdocs/Wss/PDFs/2T_2510202427ECDE6FFFF040B1A58D74C65493569B.PDF,Pending_Manual_or_Session_Download,
2024-11-01,2T_01112024FEEF1F51A8D041559C55D36EB2A0BC5C.XLSX,https://rbidocs.rbi.org.in/rdocs/Wss/DOCs/2T_01112024FEEF1F51A8D041559C55D36EB2A0BC5C.XLSX,https://rbidocs.rbi.org.in/rdocs/Wss/PDFs/2T_01112024FEEF1F51A8D041559C55D36EB2A0BC5C.PDF,Pending_Manual_or_Session_Download,
2024-11-08,2T_081120241D73B4D6F9434FB6A8C1F3026B4F8DCB.XLSX,https://rbidocs.rbi.org.in/rdocs/Wss/DOCs/2T_081120241D73B4D6F9434FB6A8C1F3026B4F8DCB.XLSX,https://rbidocs.rbi.org.in/rdocs/Wss/PDFs/2T_081120241D73B4D6F9434FB6A8C1F3026B4F8DCB.PDF,Pending_Manual_or_Session_Download,
2024-11-15,2T_15112024BFB93806A48742A38CD4245F1A96A47D.XLSX,https://rbidocs.rbi.org.in/rdocs/Wss/DOCs/2T_15112024BFB93806A48742A38CD4245F1A96A47D.XLSX,https://rbidocs.rbi.org.in/rdocs/Wss/PDFs/2_15112024BFB93806A48742A38CD4245F1A96A47D.PDF,Pending_Manual_or_Session_Download,
2024-11-22,2T_22112024A25E665077554E3680D3B416A77E28A4.XLSX,https://rbidocs.rbi.org.in/rdocs/Wss/DOCs/2T_22112024A25E665077554E3680D3B416A77E28A4.XLSX,https://rbidocs.rbi.org.in/rdocs/Wss/PDFs/2T_22112024A25E665077554E3680D3B416A77E28A4.PDF,Pending_Manual_or_Session_Download,
2024-11-29,2T_2911202433B9D5638C53494E8A076C23DE04E46D.XLSX,https://rbidocs.rbi.org.in/rdocs/Wss/DOCs/2T_2911202433B9D5638C53494E8A076C23DE04E46D.XLSX,https://rbidocs.rbi.org.in/rdocs/Wss/PDFs/2T_2911202433B9D5638C53494E8A076C23DE04E46D.PDF,Pending_Manual_or_Session_Download,
2024-12-06,2T_0612202418E967F717CB4F5993E8B50306A3E097.XLSX,https://rbidocs.rbi.org.in/rdocs/Wss/DOCs/2T_0612202418E967F717CB4F5993E8B50306A3E097.XLSX,https://rbidocs.rbi.org.in/rdocs/Wss/PDFs/2T_0612202418E967F717CB4F5993E8B50306A3E097.PDF,Pending_Manual_or_Session_Download,
2024-12-13,2T_13122024701BE5F2A35646B8A0783253E97DC83A.XLSX,https://rbidocs.rbi.org.in/rdocs/Wss/DOCs/2T_13122024701BE5F2A35646B8A0783253E97DC83A.XLSX,https://rbidocs.rbi.org.in/rdocs/Wss/PDFs/2T_13122024701BE5F2A35646B8A0783253E97DC83A.PDF,Pending_Manual_or_Session_Download,
2024-12-20,2T_20122024FD142146C4D240E29D25B796254900A1.XLSX,https://rbidocs.rbi.org.in/rdocs/Wss/DOCs/2T_20122024FD142146C4D240E29D25B796254900A1.XLSX,https://rbidocs.rbi.org.in/rdocs/Wss/PDFs/2T_20122024FD142146C4D240E29D25B796254900A1.PDF,Pending_Manual_or_Session_Download,
2024-12-27,2T_271220240E5341BF1EF54FA18F806F93DB01DB65.XLSX,https://rbidocs.rbi.org.in/rdocs/Wss/DOCs/2T_271220240E5341BF1EF54FA18F806F93DB01DB65.XLSX,https://rbidocs.rbi.org.in/rdocs/Wss/PDFs/2T_271220240E5341BF1EF54FA18F806F93DB01DB65.PDF,Pending_Manual_or_Session_Download,
2025-01-03,2T_03012025539BD83C3DDC4DCB853D47776F1131E1.XLSX,https://rbidocs.rbi.org.in/rdocs/Wss/DOCs/2T_03012025539BD83C3DDC4DCB853D47776F1131E1.XLSX,https://rbidocs.rbi.org.in/rdocs/Wss/PDFs/2T_03012025539BD83C3DDC4DCB853D47776F1131E1.PDF,Pending_Manual_or_Session_Download,
2025-01-10,2T_100120257C22A459144C4F72B7241378BC53A3AB.XLSX,https://rbidocs.rbi.org.in/rdocs/Wss/DOCs/2T_100120257C22A459144C4F72B7241378BC53A3AB.XLSX,https://rbidocs.rbi.org.in/rdocs/Wss/PDFs/2T_100120257C22A459144C4F72B7241378BC53A3AB.PDF,Pending_Manual_or_Session_Download,
2025-01-17,2T_1701202562733877B7E94D9F86B2330463BB0178.XLSX,https://rbidocs.rbi.org.in/rdocs/Wss/DOCs/2T_1701202562733877B7E94D9F86B2330463BB0178.XLSX,https://rbidocs.rbi.org.in/rdocs/Wss/PDFs/2T_1701202562733877B7E94D9F86B2330463BB0178.PDF,Pending_Manual_or_Session_Download,
2025-01-24,2T_240120253F08F63741C74D57AD57849A49AA505A.XLSX,https://rbidocs.rbi.org.in/rdocs/Wss/DOCs/2T_240120253F08F63741C74D57AD57849A49AA505A.XLSX,https://rbidocs.rbi.org.in/rdocs/Wss/PDFs/2T_240120253F08F63741C74D57AD57849A49AA505A.PDF,Pending_Manual_or_Session_Download,
2025-01-31,2T_31012025BB4DC0AF364B4C4DA6F1794BD2B4E511.XLSX,https://rbidocs.rbi.org.in/rdocs/Wss/DOCs/2T_31012025BB4DC0AF364B4C4DA6F1794BD2B4E511.XLSX,https://rbidocs.rbi.org.in/rdocs/Wss/PDFs/2T_31012025BB4DC0AF364B4C4DA6F1794BD2B4E511.PDF,Pending_Manual_or_Session_Download,
2025-02-07,2T_0702202575E5EB72B74A47ECA2A04274EECD9EFA.XLSX,https://rbidocs.rbi.org.in/rdocs/Wss/DOCs/2T_0702202575E5EB72B74A47ECA2A04274EECD9EFA.XLSX,https://rbidocs.rbi.org.in/rdocs/Wss/PDFs/2T_0702202575E5EB72B74A47ECA2A04274EECD9EFA.PDF,Pending_Manual_or_Session_Download,
2025-02-14,2T_14022025360E2184D7C249FD97674754153723B3.XLSX,https://rbidocs.rbi.org.in/rdocs/Wss/DOCs/2T_14022025360E2184D7C249FD97674754153723B3.XLSX,https://rbidocs.rbi.org.in/rdocs/Wss/PDFs/2T_14022025360E2184D7C249FD97674754153723B3.PDF,Pending_Manual_or_Session_Download,
2025-02-21,2T_2102202598AC342F4EC24747B9D749BF2BFE3230.XLSX,https://rbidocs.rbi.org.in/rdocs/Wss/DOCs/2T_2102202598AC342F4EC24747B9D749BF2BFE3230.XLSX,https://rbidocs.rbi.org.in/rdocs/Wss/PDFs/2T_2102202598AC342F4EC24747B9D749BF2BFE3230.PDF,Pending_Manual_or_Session_Download,
2025-02-28,2T_2802202531129AB7F44A415BB6586F15A70B406C.XLSX,https://rbidocs.rbi.org.in/rdocs/Wss/DOCs/2T_2802202531129AB7F44A415BB6586F15A70B406C.XLSX,https://rbidocs.rbi.org.in/rdocs/Wss/PDFs/2T_2802202531129AB7F44A415BB6586F15A70B406C.PDF,Pending_Manual_or_Session_Download,
2025-03-07,2T_07032025E0A8AF83C88E4CD8806C900136DCECF3.XLSX,https://rbidocs.rbi.org.in/rdocs/Wss/DOCs/2T_07032025E0A8AF83C88E4CD8806C900136DCECF3.XLSX,https://rbidocs.rbi.org.in/rdocs/Wss/PDFs/2T_07032025E0A8AF83C88E4CD8806C900136DCECF3.PDF,Pending_Manual_or_Session_Download,
2025-03-14,2T_14032025A5775C936ECF4349948343BF7ED09CE7.XLSX,https://rbidocs.rbi.org.in/rdocs/Wss/DOCs/2T_14032025A5775C936ECF4349948343BF7ED09CE7.XLSX,https://rbidocs.rbi.org.in/rdocs/Wss/PDFs/2T_14032025A5775C936ECF4349948343BF7ED09CE7.PDF,Pending_Manual_or_Session_Download,
2025-03-21,2T_210320259D041889F2724408927CF02A564AAF10.XLSX,https://rbidocs.rbi.org.in/rdocs/Wss/DOCs/2T_210320259D041889F2724408927CF02A564AAF10.XLSX,https://rbidocs.rbi.org.in/rdocs/Wss/PDFs/2T_210320259D041889F2724408927CF02A564AAF10.PDF,Pending_Manual_or_Session_Download,
2025-03-28,2T_28032025CC2C4419A1E947FC8E43004C1D57ED8B.XLSX,https://rbidocs.rbi.org.in/rdocs/Wss/DOCs/2T_28032025CC2C4419A1E947FC8E43004C1D57ED8B.XLSX,https://rbidocs.rbi.org.in/rdocs/Wss/PDFs/2T_28032025CC2C4419A1E947FC8E43004C1D57ED8B.PDF,Pending_Manual_or_Session_Download,
2025-04-04,2T_04042025136D2659A7534C668B6D833A1F45A192.XLSX,https://rbidocs.rbi.org.in/rdocs/Wss/DOCs/2T_04042025136D2659A7534C668B6D833A1F45A192.XLSX,https://rbidocs.rbi.org.in/rdocs/Wss/PDFs/2T_04042025136D2659A7534C668B6D833A1F45A192.PDF,Pending_Manual_or_Session_Download,
2025-04-11,2T_110420253A1EE5ED1A27496182CAF68E48C14B28.XLSX,https://rbidocs.rbi.org.in/rdocs/Wss/DOCs/2T_110420253A1EE5ED1A27496182CAF68E48C14B28.XLSX,https://rbidocs.rbi.org.in/rdocs/Wss/PDFs/2T_110420253A1EE5ED1A27496182CAF68E48C14B28.PDF,Pending_Manual_or_Session_Download,
2025-04-18,2T_180420251855609FC992493BB2B87885E2949762.XLSX,https://rbidocs.rbi.org.in/rdocs/Wss/DOCs/2T_180420251855609FC992493BB2B87885E2949762.XLSX,https://rbidocs.rbi.org.in/rdocs/Wss/PDFs/2T_180420251855609FC992493BB2B87885E2949762.PDF,Pending_Manual_or_Session_Download,
2025-04-25,2T_25042025BBD89179AC7F4C10B4921855E8AD44A5.XLSX,https://rbidocs.rbi.org.in/rdocs/Wss/DOCs/2T_25042025BBD89179AC7F4C10B4921855E8AD44A5.XLSX,https://rbidocs.rbi.org.in/rdocs/Wss/PDFs/2T_25042025BBD89179AC7F4C10B4921855E8AD44A5.PDF,Pending_Manual_or_Session_Download,
2025-05-02,2T_02052025CF50DBE8713F4C9A88C01448D6F9D5BC.XLSX,https://rbidocs.rbi.org.in/rdocs/Wss/DOCs/2T_02052025CF50DBE8713F4C9A88C01448D6F9D5BC.XLSX,https://rbidocs.rbi.org.in/rdocs/Wss/PDFs/2T_02052025CF50DBE8713F4C9A88C01448D6F9D5BC.PDF,Pending_Manual_or_Session_Download,
2025-05-09,2T_090520257BFEF7FCFDBE4453803D6BB3B079873C.XLSX,https://rbidocs.rbi.org.in/rdocs/Wss/DOCs/2T_090520257BFEF7FCFDBE4453803D6BB3B079873C.XLSX,https://rbidocs.rbi.org.in/rdocs/Wss/PDFs/2T_090520257BFEF7FCFDBE4453803D6BB3B079873C.PDF,Pending_Manual_or_Session_Download,
2025-05-16,2T_16052025CFFE24C2DA734455BC964D4FA44D8DA8.XLSX,https://rbidocs.rbi.org.in/rdocs/Wss/DOCs/2T_16052025CFFE24C2DA734455BC964D4FA44D8DA8.XLSX,https://rbidocs.rbi.org.in/rdocs/Wss/PDFs/2T_16052025CFFE24C2DA734455BC964D4FA44D8DA8.PDF,Pending_Manual_or_Session_Download,
2025-05-23,2T_23052025BBDFEC825EE3418CA9C497D0380A7B3A.XLSX,https://rbidocs.rbi.org.in/rdocs/Wss/DOCs/2T_23052025BBDFEC825EE3418CA9C497D0380A7B3A.XLSX,https://rbidocs.rbi.org.in/rdocs/Wss/PDFs/2T_23052025BBDFEC825EE3418CA9C497D0380A7B3A.PDF,Pending_Manual_or_Session_Download,
2025-05-30,2T_300520253CD56B28CDEA4F33BB50C922E5296499.XLSX,https://rbidocs.rbi.org.in/rdocs/Wss/DOCs/2T_300520253CD56B28CDEA4F33BB50C922E5296499.XLSX,https://rbidocs.rbi.org.in/rdocs/Wss/PDFs/2T_300520253CD56B28CDEA4F33BB50C922E5296499.PDF,Pending_Manual_or_Session_Download,
2025-06-06,2T_06062025F79224F7C43D48AF8DC31A50F2F9CC77.XLSX,https://rbidocs.rbi.org.in/rdocs/Wss/DOCs/2T_06062025F79224F7C43D48AF8DC31A50F2F9CC77.XLSX,https://rbidocs.rbi.org.in/rdocs/Wss/PDFs/2T_06062025F79224F7C43D48AF8DC31A50F2F9CC77.PDF,Pending_Manual_or_Session_Download,
2025-06-13,2T_13062025A72F60C580DE4AAD9DCAA724254AEA3E.XLSX,https://rbidocs.rbi.org.in/rdocs/Wss/DOCs/2T_13062025A72F60C580DE4AAD9DCAA724254AEA3E.XLSX,https://rbidocs.rbi.org.in/rdocs/Wss/PDFs/2T_13062025A72F60C580DE4AAD9DCAA724254AEA3E.PDF,Pending_Manual_or_Session_Download,
2025-06-20,2T_200620258E71D7DA94BC4FD19DFB37AEC2D1642B.XLSX,https://rbidocs.rbi.org.in/rdocs/Wss/DOCs/2T_200620258E71D7DA94BC4FD19DFB37AEC2D1642B.XLSX,https://rbidocs.rbi.org.in/rdocs/Wss/PDFs/2T_200620258E71D7DA94BC4FD19DFB37AEC2D1642B.PDF,Pending_Manual_or_Session_Download,
2025-06-27,2T_270620250F45B300BBB64325AF63513FBA4D19D3.XLSX,https://rbidocs.rbi.org.in/rdocs/Wss/DOCs/2T_270620250F45B300BBB64325AF63513FBA4D19D3.XLSX,https://rbidocs.rbi.org.in/rdocs/Wss/PDFs/2T_270620250F45B300BBB64325AF63513FBA4D19D3.PDF,Pending_Manual_or_Session_Download,
2025-07-04,2T_04072025547022D606CC467497E9346C5AB8343B.XLSX,https://rbidocs.rbi.org.in/rdocs/Wss/DOCs/2T_04072025547022D606CC467497E9346C5AB8343B.XLSX,https://rbidocs.rbi.org.in/rdocs/Wss/PDFs/2T_04072025547022D606CC467497E9346C5AB8343B.PDF,Pending_Manual_or_Session_Download,
2025-07-11,2T_11072025209BE9B1855F465B815367DE7CED85C6.XLSX,https://rbidocs.rbi.org.in/rdocs/Wss/DOCs/2T_11072025209BE9B1855F465B815367DE7CED85C6.XLSX,https://rbidocs.rbi.org.in/rdocs/Wss/PDFs/2T_11072025209BE9B1855F465B815367DE7CED85C6.PDF,Pending_Manual_or_Session_Download,
2025-07-18,2T_180720253636DBAF392441909AC2F04D2CCE0FDF.XLSX,https://rbidocs.rbi.org.in/rdocs/Wss/DOCs/2T_180720253636DBAF392441909AC2F04D2CCE0FDF.XLSX,https://rbidocs.rbi.org.in/rdocs/Wss/PDFs/2T_180720253636DBAF392441909AC2F04D2CCE0FDF.PDF,Pending_Manual_or_Session_Download,
2025-07-25,2T_25072025BE3C2B0DD84B4286A3EF639C49D5C4A8.XLSX,https://rbidocs.rbi.org.in/rdocs/Wss/DOCs/2T_25072025BE3C2B0DD84B4286A3EF639C49D5C4A8.XLSX,https://rbidocs.rbi.org.in/rdocs/Wss/PDFs/2T_25072025BE3C2B0DD84B4286A3EF639C49D5C4A8.PDF,Pending_Manual_or_Session_Download,
2025-08-01,2T_0108202533678080BB15419BB55AC2A3BECB26BF.XLSX,https://rbidocs.rbi.org.in/rdocs/Wss/DOCs/2T_0108202533678080BB15419BB55AC2A3BECB26BF.XLSX,https://rbidocs.rbi.org.in/rdocs/Wss/PDFs/2T_0108202533678080BB15419BB55AC2A3BECB26BF.PDF,Pending_Manual_or_Session_Download,
2025-08-08,2T_080820255219039A80F7445AA618C8AD6AE142C9.XLSX,https://rbidocs.rbi.org.in/rdocs/Wss/DOCs/2T_080820255219039A80F7445AA618C8AD6AE142C9.XLSX,https://rbidocs.rbi.org.in/rdocs/Wss/PDFs/2T_080820255219039A80F7445AA618C8AD6AE142C9.PDF,Pending_Manual_or_Session_Download,
2025-08-15,2T_150820250CC9A394483F4F7A93FDCC3FED69FF4B.XLSX,https://rbidocs.rbi.org.in/rdocs/Wss/DOCs/2T_150820250CC9A394483F4F7A93FDCC3FED69FF4B.XLSX,https://rbidocs.rbi.org.in/rdocs/Wss/PDFs/2T_150820250CC9A394483F4F7A93FDCC3FED69FF4B.PDF,Pending_Manual_or_Session_Download,
2025-08-22,2T_220820253E25367836D4422FBD41F75FABADD4A6.XLSX,https://rbidocs.rbi.org.in/rdocs/Wss/DOCs/2T_220820253E25367836D4422FBD41F75FABADD4A6.XLSX,https://rbidocs.rbi.org.in/rdocs/Wss/PDFs/2T_220820253E25367836D4422FBD41F75FABADD4A6.PDF,Pending_Manual_or_Session_Download,
2025-08-29,2T_2908202557293AF9AC154A599FB827114187631E.XLSX,https://rbidocs.rbi.org.in/rdocs/Wss/DOCs/2T_2908202557293AF9AC154A599FB827114187631E.XLSX,https://rbidocs.rbi.org.in/rdocs/Wss/PDFs/2T_2908202557293AF9AC154A599FB827114187631E.PDF,Pending_Manual_or_Session_Download,
2025-09-05,2T_0509202519ACD525DF944BA6A47A61F91E920840.XLSX,https://rbidocs.rbi.org.in/rdocs/Wss/DOCs/2T_0509202519ACD525DF944BA6A47A61F91E920840.XLSX,https://rbidocs.rbi.org.in/rdocs/Wss/PDFs/2T_0509202519ACD525DF944BA6A47A61F91E920840.PDF,Pending_Manual_or_Session_Download,
2025-09-12,2T_120920258F6DC1CBC90A45B1B16DA32B0E6113CD.XLSX,https://rbidocs.rbi.org.in/rdocs/Wss/DOCs/2T_120920258F6DC1CBC90A45B1B16DA32B0E6113CD.XLSX,https://rbidocs.rbi.org.in/rdocs/Wss/PDFs/2T_120920258F6DC1CBC90A45B1B16DA32B0E6113CD.PDF,Pending_Manual_or_Session_Download,
2025-09-19,2T_190920255F7121188A7C490CB18CE4F47C8EF3A4.XLSX,https://rbidocs.rbi.org.in/rdocs/Wss/DOCs/2T_190920255F7121188A7C490CB18CE4F47C8EF3A4.XLSX,https://rbidocs.rbi.org.in/rdocs/Wss/PDFs/2T_190920255F7121188A7C490CB18CE4F47C8EF3A4.PDF,Pending_Manual_or_Session_Download,
2025-09-26,2T_26092025017832C31BAE4BD4931FCA8A6F9169BB.XLSX,https://rbidocs.rbi.org.in/rdocs/Wss/DOCs/2T_26092025017832C31BAE4BD4931FCA8A6F9169BB.XLSX,https://rbidocs.rbi.org.in/rdocs/Wss/PDFs/2T_26092025017832C31BAE4BD4931FCA8A6F9169BB.PDF,Pending_Manual_or_Session_Download,
2025-10-03,2T_031020259B8F4AEF9F8D40BEB1C21A853243FA1F.XLSX,https://rbidocs.rbi.org.in/rdocs/Wss/DOCs/2T_031020259B8F4AEF9F8D40BEB1C21A853243FA1F.XLSX,https://rbidocs.rbi.org.in/rdocs/Wss/PDFs/2T_031020259B8F4AEF9F8D40BEB1C21A853243FA1F.PDF,Pending_Manual_or_Session_Download,
2025-10-10,2T_101020252B56D04AC6704BF382DE3EC75AE60B2E.XLSX,https://rbidocs.rbi.org.in/rdocs/Wss/DOCs/2T_101020252B56D04AC6704BF382DE3EC75AE60B2E.XLSX,https://rbidocs.rbi.org.in/rdocs/Wss/PDFs/2T_101020252B56D04AC6704BF382DE3EC75AE60B2E.PDF,Pending_Manual_or_Session_Download,
2025-10-17,2T_17102025F37B4BC7885C469ABB6173D963C4D9C7.XLSX,https://rbidocs.rbi.org.in/rdocs/Wss/DOCs/2T_17102025F37B4BC7885C469ABB6173D963C4D9C7.XLSX,https://rbidocs.rbi.org.in/rdocs/Wss/PDFs/2T_17102025F37B4BC7885C469ABB6173D963C4D9C7.PDF,Pending_Manual_or_Session_Download,
2025-10-24,2T_241020257ED048476618453092906D34FF91F2D8.XLSX,https://rbidocs.rbi.org.in/rdocs/Wss/DOCs/2T_241020257ED048476618453092906D34FF91F2D8.XLSX,https://rbidocs.rbi.org.in/rdocs/Wss/PDFs/2T_241020257ED048476618453092906D34FF91F2D8.PDF,Pending_Manual_or_Session_Download,
2025-10-31,2T_3110202507203BBA591E41A4AE05EFC89D49D2B9.XLSX,https://rbidocs.rbi.org.in/rdocs/Wss/DOCs/2T_3110202507203BBA591E41A4AE05EFC89D49D2B9.XLSX,https://rbidocs.rbi.org.in/rdocs/Wss/PDFs/2T_3110202507203BBA591E41A4AE05EFC89D49D2B9.PDF,Pending_Manual_or_Session_Download,
2025-11-07,2T_07112025A0707885457E4F5F9A664A7B603E74EE.XLSX,https://rbidocs.rbi.org.in/rdocs/Wss/DOCs/2T_07112025A0707885457E4F5F9A664A7B603E74EE.XLSX,https://rbidocs.rbi.org.in/rdocs/Wss/PDFs/2T_07112025A0707885457E4F5F9A664A7B603E74EE.PDF,Pending_Manual_or_Session_Download,
2025-11-14,2T_141120256F33C170693C4317800AA987059D0E54.XLSX,https://rbidocs.rbi.org.in/rdocs/Wss/DOCs/2T_141120256F33C170693C4317800AA987059D0E54.XLSX,https://rbidocs.rbi.org.in/rdocs/Wss/PDFs/2T_141120256F33C170693C4317800AA987059D0E54.PDF,Pending_Manual_or_Session_Download,
2025-11-21,2T_211120259CA2ADE3F92B4220A8E7238CCCF65133.XLSX,https://rbidocs.rbi.org.in/rdocs/Wss/DOCs/2T_211120259CA2ADE3F92B4220A8E7238CCCF65133.XLSX,https://rbidocs.rbi.org.in/rdocs/Wss/PDFs/2T_211120259CA2ADE3F92B4220A8E7238CCCF65133.PDF,Pending_Manual_or_Session_Download,
2025-11-28,2T_28112025591A3F453D7B4FF8B1BC4BB29D0CC3F9.XLSX,https://rbidocs.rbi.org.in/rdocs/Wss/DOCs/2T_28112025591A3F453D7B4FF8B1BC4BB29D0CC3F9.XLSX,https://rbidocs.rbi.org.in/rdocs/Wss/PDFs/2T_28112025591A3F453D7B4FF8B1BC4BB29D0CC3F9.PDF,Pending_Manual_or_Session_Download,
2025-12-05,2T_05122025E602FF2D4EBE48459CFE1ACCFDB56931.XLSX,https://rbidocs.rbi.org.in/rdocs/Wss/DOCs/2T_05122025E602FF2D4EBE48459CFE1ACCFDB56931.XLSX,https://rbidocs.rbi.org.in/rdocs/Wss/PDFs/2T_05122025E602FF2D4EBE48459CFE1ACCFDB56931.PDF,Pending_Manual_or_Session_Download,
2025-12-12,2T_12122025EDFF211572CD4D33A62D4E9B6FCAB3E9.XLSX,https://rbidocs.rbi.org.in/rdocs/Wss/DOCs/2T_12122025EDFF211572CD4D33A62D4E9B6FCAB3E9.XLSX,https://rbidocs.rbi.org.in/rdocs/Wss/PDFs/2T_12122025EDFF211572CD4D33A62D4E9B6FCAB3E9.PDF,Pending_Manual_or_Session_Download,
2025-12-19,2T_191220250BC554D70133414E8DE0382F02ED3C65.XLSX,https://rbidocs.rbi.org.in/rdocs/Wss/DOCs/2T_191220250BC554D70133414E8DE0382F02ED3C65.XLSX,https://rbidocs.rbi.org.in/rdocs/Wss/PDFs/2T_191220250BC554D70133414E8DE0382F02ED3C65.PDF,Pending_Manual_or_Session_Download,
2025-12-26,2T_26122025BDFCAD98B9304547A8AE7C171C6D9F15.XLSX,https://rbidocs.rbi.org.in/rdocs/Wss/DOCs/2T_26122025BDFCAD98B9304547A8AE7C171C6D9F15.XLSX,https://rbidocs.rbi.org.in/rdocs/Wss/PDFs/2T_26122025BDFCAD98B9304547A8AE7C171C6D9F15.PDF,Pending_Manual_or_Session_Download,
2026-01-02,2T_02012026C45B36D956214BB9900481D3350855FD.XLSX,https://rbidocs.rbi.org.in/rdocs/Wss/DOCs/2T_02012026C45B36D956214BB9900481D3350855FD.XLSX,https://rbidocs.rbi.org.in/rdocs/Wss/PDFs/2T_02012026C45B36D956214BB9900481D3350855FD.PDF,Pending_Manual_or_Session_Download,
2026-01-09,2T_09012026D9B4F2ED98A646ACAB1311A7F73984DD.XLSX,https://rbidocs.rbi.org.in/rdocs/Wss/DOCs/2T_09012026D9B4F2ED98A646ACAB1311A7F73984DD.XLSX,https://rbidocs.rbi.org.in/rdocs/Wss/PDFs/2T_09012026D9B4F2ED98A646ACAB1311A7F73984DD.PDF,Pending_Manual_or_Session_Download,
2026-01-16,2T_160120268C1052B1F8FA4DBCB12F139CE5C59395.XLSX,https://rbidocs.rbi.org.in/rdocs/Wss/DOCs/2T_160120268C1052B1F8FA4DBCB12F139CE5C59395.XLSX,https://rbidocs.rbi.org.in/rdocs/Wss/PDFs/2T_160120268C1052B1F8FA4DBCB12F139CE5C59395.PDF,Pending_Manual_or_Session_Download,
2026-01-23,2T_230120263B6337F92D17424CA5B4323BEBD4134A.XLSX,https://rbidocs.rbi.org.in/rdocs/Wss/DOCs/2T_230120263B6337F92D17424CA5B4323BEBD4134A.XLSX,https://rbidocs.rbi.org.in/rdocs/Wss/PDFs/2T_230120263B6337F92D17424CA5B4323BEBD4134A.PDF,Pending_Manual_or_Session_Download,
2026-01-30,2T_30012026DCCB1B55CE724D63A74C8337EDAABB71.XLSX,https://rbidocs.rbi.org.in/rdocs/Wss/DOCs/2T_30012026DCCB1B55CE724D63A74C8337EDAABB71.XLSX,https://rbidocs.rbi.org.in/rdocs/Wss/PDFs/2T_30012026DCCB1B55CE724D63A74C8337EDAABB71.PDF,Pending_Manual_or_Session_Download,
2026-02-06,2T_06022026864F01F68FA64950A2D21806AE75DCE7.XLSX,https://rbidocs.rbi.org.in/rdocs/Wss/DOCs/2T_06022026864F01F68FA64950A2D21806AE75DCE7.XLSX,https://rbidocs.rbi.org.in/rdocs/Wss/PDFs/2T_06022026864F01F68FA64950A2D21806AE75DCE7.PDF,Pending_Manual_or_Session_Download,
2026-02-13,2T_130220268B525CFD88DA473091026ECEB445A097.XLSX,https://rbidocs.rbi.org.in/rdocs/Wss/DOCs/2T_130220268B525CFD88DA473091026ECEB445A097.XLSX,https://rbidocs.rbi.org.in/rdocs/Wss/PDFs/2T_130220268B525CFD88DA473091026ECEB445A097.PDF,Pending_Manual_or_Session_Download,
2026-02-20,2T_20022026F887E26050BD474D891FD12F88AE193F.XLSX,https://rbidocs.rbi.org.in/rdocs/Wss/DOCs/2T_20022026F887E26050BD474D891FD12F88AE193F.XLSX,https://rbidocs.rbi.org.in/rdocs/Wss/PDFs/2T_20022026F887E26050BD474D891FD12F88AE193F.PDF,Pending_Manual_or_Session_Download,
2026-02-27,2T_27022026F76F56AE387444F09B76B55D92E63A6A.XLSX,https://rbidocs.rbi.org.in/rdocs/Wss/DOCs/2T_27022026F76F56AE387444F09B76B55D92E63A6A.XLSX,https://rbidocs.rbi.org.in/rdocs/Wss/PDFs/2T_27022026F76F56AE387444F09B76B55D92E63A6A.PDF,Pending_Manual_or_Session_Download,
2026-03-06,2T_06032026D362C46FBDB74AEA931A9FB8185D16AD.XLSX,https://rbidocs.rbi.org.in/rdocs/Wss/DOCs/2T_06032026D362C46FBDB74AEA931A9FB8185D16AD.XLSX,https://rbidocs.rbi.org.in/rdocs/Wss/PDFs/2T_06032026D362C46FBDB74AEA931A9FB8185D16AD.PDF,Pending_Manual_or_Session_Download,
2026-03-13,2T_1303202657AEB604BD91462AA1C8F05AE0687CFB.XLSX,https://rbidocs.rbi.org.in/rdocs/Wss/DOCs/2T_1303202657AEB604BD91462AA1C8F05AE0687CFB.XLSX,https://rbidocs.rbi.org.in/rdocs/Wss/PDFs/2T_1303202657AEB604BD91462AA1C8F05AE0687CFB.PDF,Pending_Manual_or_Session_Download,
2026-03-20,2T_20032026AA3B8A0DDB084A0B9CF7390306ABE7A9.XLSX,https://rbidocs.rbi.org.in/rdocs/Wss/DOCs/2T_20032026AA3B8A0DDB084A0B9CF7390306ABE7A9.XLSX,https://rbidocs.rbi.org.in/rdocs/Wss/PDFs/2T_20032026AA3B8A0DDB084A0B9CF7390306ABE7A9.PDF,Pending_Manual_or_Session_Download,
2026-03-27,2T_2703202628FC7AFC81BD42B0BB02A063B87E7777.XLSX,https://rbidocs.rbi.org.in/rdocs/Wss/DOCs/2T_2703202628FC7AFC81BD42B0BB02A063B87E7777.XLSX,https://rbidocs.rbi.org.in/rdocs/Wss/PDFs/2T_2703202628FC7AFC81BD42B0BB02A063B87E7777.PDF,Pending_Manual_or_Session_Download,
2026-04-03,2T_03042026C53E5C31AC2C4021B060C5141A504BD2.XLSX,https://rbidocs.rbi.org.in/rdocs/Wss/DOCs/2T_03042026C53E5C31AC2C4021B060C5141A504BD2.XLSX,https://rbidocs.rbi.org.in/rdocs/Wss/PDFs/2T_03042026C53E5C31AC2C4021B060C5141A504BD2.PDF,Pending_Manual_or_Session_Download,
2026-04-10,2T_10042026B7EC49EDC48C4C3DAC7971381E4BFBB6.XLSX,https://rbidocs.rbi.org.in/rdocs/Wss/DOCs/2T_10042026B7EC49EDC48C4C3DAC7971381E4BFBB6.XLSX,https://rbidocs.rbi.org.in/rdocs/Wss/PDFs/2T_10042026B7EC49EDC48C4C3DAC7971381E4BFBB6.PDF,Pending_Manual_or_Session_Download,
2026-04-17,2T_170420269AF82A174A4E4F4EB02FE270BCD6C34A.XLSX,https://rbidocs.rbi.org.in/rdocs/Wss/DOCs/2T_170420269AF82A174A4E4F4EB02FE270BCD6C34A.XLSX,https://rbidocs.rbi.org.in/rdocs/Wss/PDFs/2T_170420269AF82A174A4E4F4EB02FE270BCD6C34A.PDF,Pending_Manual_or_Session_Download,
2026-04-24,2T_240420266A2A666C22214E99BC146B3B5221746D.XLSX,https://rbidocs.rbi.org.in/rdocs/Wss/DOCs/2T_240420266A2A666C22214E99BC146B3B5221746D.XLSX,https://rbidocs.rbi.org.in/rdocs/Wss/PDFs/2T_240420266A2A666C22214E99BC146B3B5221746D.PDF,Pending_Manual_or_Session_Download,
2026-05-01,2T_01052026999DCF67F9104B03BB985EF20F02F53B.XLSX,https://rbidocs.rbi.org.in/rdocs/Wss/DOCs/2T_01052026999DCF67F9104B03BB985EF20F02F53B.XLSX,https://rbidocs.rbi.org.in/rdocs/Wss/PDFs/2T_01052026999DCF67F9104B03BB985EF20F02F53B.PDF,Pending_Manual_or_Session_Download,
2026-05-08,2T_08052026A0A384C0F06B4829A98496678BCBB937.XLSX,https://rbidocs.rbi.org.in/rdocs/Wss/DOCs/2T_08052026A0A384C0F06B4829A98496678BCBB937.XLSX,https://rbidocs.rbi.org.in/rdocs/Wss/PDFs/2T_08052026A0A384C0F06B4829A98496678BCBB937.PDF,Pending_Manual_or_Session_Download,
2026-05-15,2T_150520263345E27F772948918F1EDB72FB6A3F96.XLSX,https://rbidocs.rbi.org.in/rdocs/Wss/DOCs/2T_150520263345E27F772948918F1EDB72FB6A3F96.XLSX,https://rbidocs.rbi.org.in/rdocs/Wss/PDFs/2T_150520263345E27F772948918F1EDB72FB6A3F96.PDF,Pending_Manual_or_Session_Download,
2026-05-22,2T_22052026A93B5537FD054417B146077D934D8A41.XLSX,https://rbidocs.rbi.org.in/rdocs/Wss/DOCs/2T_22052026A93B5537FD054417B146077D934D8A41.XLSX,https://rbidocs.rbi.org.in/rdocs/Wss/PDFs/2T_22052026A93B5537FD054417B146077D934D8A41.PDF,Pending_Manual_or_Session_Download,
2026-05-29,2T_29052026973802774029470DBE3B7F3EA65C736E.XLSX,https://rbidocs.rbi.org.in/rdocs/Wss/DOCs/2T_29052026973802774029470DBE3B7F3EA65C736E.XLSX,https://rbidocs.rbi.org.in/rdocs/Wss/PDFs/2T_29052026973802774029470DBE3B7F3EA65C736E.PDF,Pending_Manual_or_Session_Download,
2026-06-05,2T_05062026301084C7314048B3B633EECD7A0B05EA.XLSX,https://rbidocs.rbi.org.in/rdocs/Wss/DOCs/2T_05062026301084C7314048B3B633EECD7A0B05EA.XLSX,https://rbidocs.rbi.org.in/rdocs/Wss/PDFs/2T_05062026301084C7314048B3B633EECD7A0B05EA.PDF,Pending_Manual_or_Session_Download,
2026-06-12,2T_1206202602168395D9E94C5D98B07916294D77D5.XLSX,https://rbidocs.rbi.org.in/rdocs/Wss/DOCs/2T_1206202602168395D9E94C5D98B07916294D77D5.XLSX,https://rbidocs.rbi.org.in/rdocs/Wss/PDFs/2T_1206202602168395D9E94C5D98B07916294D77D5.PDF,Pending_Manual_or_Session_Download,
2026-06-19,2T_19062026E51360BB586641F28FDD8738BAC73435.XLSX,https://rbidocs.rbi.org.in/rdocs/Wss/DOCs/2T_19062026E51360BB586641F28FDD8738BAC73435.XLSX,https://rbidocs.rbi.org.in/rdocs/Wss/PDFs/2T_19062026E51360BB586641F28FDD8738BAC73435.PDF,Pending_Manual_or_Session_Download,
2026-06-26,2T_26062026647D034ED469407CB4E84DAA21EED6A0.XLSX,https://rbidocs.rbi.org.in/rdocs/Wss/DOCs/2T_26062026647D034ED469407CB4E84DAA21EED6A0.XLSX,https://rbidocs.rbi.org.in/rdocs/Wss/PDFs/2T_26062026647D034ED469407CB4E84DAA21EED6A0.PDF,Pending_Manual_or_Session_Download,
2026-07-03,2T_030720269ED071BEFFF94CF68610BF5C4C22D8D0.XLSX,https://rbidocs.rbi.org.in/rdocs/Wss/DOCs/2T_030720269ED071BEFFF94CF68610BF5C4C22D8D0.XLSX,https://rbidocs.rbi.org.in/rdocs/Wss/PDFs/2T_030720269ED071BEFFF94CF68610BF5C4C22D8D0.PDF,Pending_Manual_or_Session_Download,
2026-07-10,2T_100720267F2CA582B98945E1AC35A898C0A67081.XLSX,https://rbidocs.rbi.org.in/rdocs/Wss/DOCs/2T_100720267F2CA582B98945E1AC35A898C0A67081.XLSX,https://rbidocs.rbi.org.in/rdocs/Wss/PDFs/2T_100720267F2CA582B98945E1AC35A898C0A67081.PDF,Pending_Manual_or_Session_Download,
2026-07-17,2T_170720262BAE279699944251A47B57D13D41780A.XLSX,https://rbidocs.rbi.org.in/rdocs/Wss/DOCs/2T_170720262BAE279699944251A47B57D13D41780A.XLSX,https://rbidocs.rbi.org.in/rdocs/Wss/PDFs/2T_170720262BAE279699944251A47B57D13D41780A.PDF,Pending_Manual_or_Session_Download,
2026-07-24,2T_240720267363AA43F70D4AD491AED8CFA8860D45.XLSX,https://rbidocs.rbi.org.in/rdocs/Wss/DOCs/2T_240720267363AA43F70D4AD491AED8CFA8860D45.XLSX,https://rbidocs.rbi.org.in/rdocs/Wss/PDFs/2T_240720267363AA43F70D4AD491AED8CFA8860D45.PDF,Pending_Manual_or_Session_Download,
2026-07-31,2T_31072026E3E36818C7FD40D3A23BCD66E5BC3869.XLSX,https://rbidocs.rbi.org.in/rdocs/Wss/DOCs/2T_31072026E3E36818C7FD40D3A23BCD66E5BC3869.XLSX,https://rbidocs.rbi.org.in/rdocs/Wss/PDFs/2T_31072026E3E36818C7FD40D3A23BCD66E5BC3869.PDF,Pending_Manual_or_Session_Download,
2026-08-07,2T_070820267012C914B5964C528FC79C1A8126AEAC.XLSX,https://rbidocs.rbi.org.in/rdocs/Wss/DOCs/2T_070820267012C914B5964C528FC79C1A8126AEAC.XLSX,https://rbidocs.rbi.org.in/rdocs/Wss/PDFs/2T_070820267012C914B5964C528FC79C1A8126AEAC.PDF,Pending_Manual_or_Session_Download,
2026-08-14,2T_140820269DAE36AABE5846A1A3D3E594CA48594F.XLSX,https://rbidocs.rbi.org.in/rdocs/Wss/DOCs/2T_140820269DAE36AABE5846A1A3D3E594CA48594F.XLSX,https://rbidocs.rbi.org.in/rdocs/Wss/PDFs/2T_140820269DAE36AABE5846A1A3D3E594CA48594F.PDF,Present,c:\Dotnet Internship\Projects\energyshield\data\raw\RBI\forex-reserves\2T_140820269DAE36AABE5846A1A3D3E594CA48594F.XLSX
