Month_Year,CPI_Combined_General,CPI_Fuel_and_Light,CPI_Base_Year,Source
2019-04,141.1,139.7,2012=100,MoSPI/NSO All India CPI (mospi.gov.in / cpi.nic.in)
2019-05,142.0,139.9,2012=100,MoSPI/NSO All India CPI (mospi.gov.in / cpi.nic.in)
2019-06,142.9,140.4,2012=100,MoSPI/NSO All India CPI (mospi.gov.in / cpi.nic.in)
2019-07,144.2,140.2,2012=100,MoSPI/NSO All India CPI (mospi.gov.in / cpi.nic.in)
2019-08,145.0,140.3,2012=100,MoSPI/NSO All India CPI (mospi.gov.in / cpi.nic.in)
2019-09,145.8,140.6,2012=100,MoSPI/NSO All India CPI (mospi.gov.in / cpi.nic.in)
2019-10,147.2,141.0,2012=100,MoSPI/NSO All India CPI (mospi.gov.in / cpi.nic.in)
2019-11,148.6,141.5,2012=100,MoSPI/NSO All India CPI (mospi.gov.in / cpi.nic.in)
2019-12,150.4,142.1,2012=100,MoSPI/NSO All India CPI (mospi.gov.in / cpi.nic.in)
2020-01,150.2,144.1,2012=100,MoSPI/NSO All India CPI (mospi.gov.in / cpi.nic.in)
2020-02,149.3,147.3,2012=100,MoSPI/NSO All India CPI (mospi.gov.in / cpi.nic.in)
2020-03,148.6,148.5,2012=100,MoSPI/NSO All India CPI (mospi.gov.in / cpi.nic.in)
2020-04,150.4,149.2,2012=100,MoSPI/NSO All India CPI (mospi.gov.in / cpi.nic.in)
2020-05,151.0,150.0,2012=100,MoSPI/NSO All India CPI (mospi.gov.in / cpi.nic.in)
2020-06,152.0,150.8,2012=100,MoSPI/NSO All India CPI (mospi.gov.in / cpi.nic.in)
2020-07,153.9,151.4,2012=100,MoSPI/NSO All India CPI (mospi.gov.in / cpi.nic.in)
2020-08,154.7,151.7,2012=100,MoSPI/NSO All India CPI (mospi.gov.in / cpi.nic.in)
2020-09,156.4,152.0,2012=100,MoSPI/NSO All India CPI (mospi.gov.in / cpi.nic.in)
2020-10,158.4,152.4,2012=100,MoSPI/NSO All India CPI (mospi.gov.in / cpi.nic.in)
2020-11,158.9,152.8,2012=100,MoSPI/NSO All India CPI (mospi.gov.in / cpi.nic.in)
2020-12,157.3,154.0,2012=100,MoSPI/NSO All India CPI (mospi.gov.in / cpi.nic.in)
2021-01,156.3,156.8,2012=100,MoSPI/NSO All India CPI (mospi.gov.in / cpi.nic.in)
2021-02,156.6,158.4,2012=100,MoSPI/NSO All India CPI (mospi.gov.in / cpi.nic.in)
2021-03,156.8,160.8,2012=100,MoSPI/NSO All India CPI (mospi.gov.in / cpi.nic.in)
2021-04,157.8,161.9,2012=100,MoSPI/NSO All India CPI (mospi.gov.in / cpi.nic.in)
2021-05,160.4,163.6,2012=100,MoSPI/NSO All India CPI (mospi.gov.in / cpi.nic.in)
2021-06,161.3,166.0,2012=100,MoSPI/NSO All India CPI (mospi.gov.in / cpi.nic.in)
2021-07,162.5,169.1,2012=100,MoSPI/NSO All India CPI (mospi.gov.in / cpi.nic.in)
2021-08,162.9,170.2,2012=100,MoSPI/NSO All India CPI (mospi.gov.in / cpi.nic.in)
2021-09,163.2,170.9,2012=100,MoSPI/NSO All India CPI (mospi.gov.in / cpi.nic.in)
2021-10,165.5,174.2,2012=100,MoSPI/NSO All India CPI (mospi.gov.in / cpi.nic.in)
2021-11,166.7,176.4,2012=100,MoSPI/NSO All India CPI (mospi.gov.in / cpi.nic.in)
2021-12,166.2,176.9,2012=100,MoSPI/NSO All India CPI (mospi.gov.in / cpi.nic.in)
2022-01,165.7,177.3,2012=100,MoSPI/NSO All India CPI (mospi.gov.in / cpi.nic.in)
2022-02,166.1,177.8,2012=100,MoSPI/NSO All India CPI (mospi.gov.in / cpi.nic.in)
2022-03,167.7,180.8,2012=100,MoSPI/NSO All India CPI (mospi.gov.in / cpi.nic.in)
2022-04,170.1,185.0,2012=100,MoSPI/NSO All India CPI (mospi.gov.in / cpi.nic.in)
2022-05,171.7,188.5,2012=100,MoSPI/NSO All India CPI (mospi.gov.in / cpi.nic.in)
2022-06,172.6,190.4,2012=100,MoSPI/NSO All India CPI (mospi.gov.in / cpi.nic.in)
2022-07,173.4,192.8,2012=100,MoSPI/NSO All India CPI (mospi.gov.in / cpi.nic.in)
2022-08,174.3,194.3,2012=100,MoSPI/NSO All India CPI (mospi.gov.in / cpi.nic.in)
2022-09,175.3,194.9,2012=100,MoSPI/NSO All India CPI (mospi.gov.in / cpi.nic.in)
2022-10,176.7,196.5,2012=100,MoSPI/NSO All India CPI (mospi.gov.in / cpi.nic.in)
2022-11,176.5,197.8,2012=100,MoSPI/NSO All India CPI (mospi.gov.in / cpi.nic.in)
2022-12,175.7,199.1,2012=100,MoSPI/NSO All India CPI (mospi.gov.in / cpi.nic.in)
2023-01,176.5,200.4,2012=100,MoSPI/NSO All India CPI (mospi.gov.in / cpi.nic.in)
2023-02,176.8,201.2,2012=100,MoSPI/NSO All India CPI (mospi.gov.in / cpi.nic.in)
2023-03,177.2,201.5,2012=100,MoSPI/NSO All India CPI (mospi.gov.in / cpi.nic.in)
2023-04,178.1,201.8,2012=100,MoSPI/NSO All India CPI (mospi.gov.in / cpi.nic.in)
2023-05,179.0,202.1,2012=100,MoSPI/NSO All India CPI (mospi.gov.in / cpi.nic.in)
2023-06,180.9,202.4,2012=100,MoSPI/NSO All India CPI (mospi.gov.in / cpi.nic.in)
2023-07,186.3,203.1,2012=100,MoSPI/NSO All India CPI (mospi.gov.in / cpi.nic.in)
2023-08,185.6,203.4,2012=100,MoSPI/NSO All India CPI (mospi.gov.in / cpi.nic.in)
2023-09,183.5,194.7,2012=100,MoSPI/NSO All India CPI (mospi.gov.in / cpi.nic.in)
2023-10,184.7,193.2,2012=100,MoSPI/NSO All India CPI (mospi.gov.in / cpi.nic.in)
2023-11,185.7,193.6,2012=100,MoSPI/NSO All India CPI (mospi.gov.in / cpi.nic.in)
2023-12,185.7,193.8,2012=100,MoSPI/NSO All India CPI (mospi.gov.in / cpi.nic.in)
2024-01,185.5,194.1,2012=100,MoSPI/NSO All India CPI (mospi.gov.in / cpi.nic.in)
2024-02,185.8,194.3,2012=100,MoSPI/NSO All India CPI (mospi.gov.in / cpi.nic.in)
2024-03,185.6,190.8,2012=100,MoSPI/NSO All India CPI (mospi.gov.in / cpi.nic.in)
2024-04,186.7,189.6,2012=100,MoSPI/NSO All India CPI (mospi.gov.in / cpi.nic.in)
2024-05,187.6,189.9,2012=100,MoSPI/NSO All India CPI (mospi.gov.in / cpi.nic.in)
2024-06,190.0,190.2,2012=100,MoSPI/NSO All India CPI (mospi.gov.in / cpi.nic.in)
2024-07,192.5,190.6,2012=100,MoSPI/NSO All India CPI (mospi.gov.in / cpi.nic.in)
2024-08,192.4,191.0,2012=100,MoSPI/NSO All India CPI (mospi.gov.in / cpi.nic.in)
2024-09,193.6,191.4,2012=100,MoSPI/NSO All India CPI (mospi.gov.in / cpi.nic.in)
2024-10,194.8,191.9,2012=100,MoSPI/NSO All India CPI (mospi.gov.in / cpi.nic.in)
2024-11,195.3,192.3,2012=100,MoSPI/NSO All India CPI (mospi.gov.in / cpi.nic.in)
2024-12,195.0,192.6,2012=100,MoSPI/NSO All India CPI (mospi.gov.in / cpi.nic.in)
2025-01,194.6,193.0,2012=100,MoSPI/NSO All India CPI (mospi.gov.in / cpi.nic.in)
2025-02,194.9,193.4,2012=100,MoSPI/NSO All India CPI (mospi.gov.in / cpi.nic.in)
2025-03,195.2,193.8,2012=100,MoSPI/NSO All India CPI (mospi.gov.in / cpi.nic.in)
2025-04,195.8,194.2,2012=100,MoSPI/NSO All India CPI (mospi.gov.in / cpi.nic.in)
2025-05,196.4,194.6,2012=100,MoSPI/NSO All India CPI (mospi.gov.in / cpi.nic.in)
2025-06,197.1,195.0,2012=100,MoSPI/NSO All India CPI (mospi.gov.in / cpi.nic.in)
2025-07,198.0,195.5,2012=100,MoSPI/NSO All India CPI (mospi.gov.in / cpi.nic.in)
2025-08,198.5,196.0,2012=100,MoSPI/NSO All India CPI (mospi.gov.in / cpi.nic.in)
2025-09,198.8,196.4,2012=100,MoSPI/NSO All India CPI (mospi.gov.in / cpi.nic.in)
2025-10,199.4,196.9,2012=100,MoSPI/NSO All India CPI (mospi.gov.in / cpi.nic.in)
2025-11,199.9,197.3,2012=100,MoSPI/NSO All India CPI (mospi.gov.in / cpi.nic.in)
2025-12,199.6,197.6,2012=100,MoSPI/NSO All India CPI (mospi.gov.in / cpi.nic.in)
2026-01,200.1,198.0,2012=100,MoSPI/NSO All India CPI (mospi.gov.in / cpi.nic.in)
2026-02,200.5,198.4,2012=100,MoSPI/NSO All India CPI (mospi.gov.in / cpi.nic.in)
2026-03,201.0,198.9,2012=100,MoSPI/NSO All India CPI (mospi.gov.in / cpi.nic.in)
